Full_name,Price,Rating,Brand,Link
"Now Foods, высокоактивный витамин D3, 125 мкг (5000 МЕ), 240 мягких таблеток",856.95,4.9,Now_Foods,https://ru.iherb.com/pr/Now-Foods-High-Potency-Vitamin-D-3-5-000-IU-240-Softgels/22335
"Now Foods, Глюконат калия, 99 мг, 250 таблеток",745.18,4.4,Now_Foods,https://ru.iherb.com/pr/Now-Foods-Potassium-Gluconate-99-mg-250-Tablets/764
"Now Foods, калий цитрат, 99 мг, 180 капсул",558.34,4.6,Now_Foods,https://ru.iherb.com/pr/Now-Foods-Potassium-Citrate-99-mg-180-Veg-Capsules/13061
"Now Foods, Келп, 150 мкг, 200 таблеток",558.11,4.7,Now_Foods,https://ru.iherb.com/pr/Now-Foods-Kelp-150-mcg-200-Tablets/685
"Now Foods, Калий плюс йод, 180 таблеток",651.25,4.6,Now_Foods,https://ru.iherb.com/pr/Now-Foods-Potassium-Plus-Iodine-180-Tablets/767
"Now Foods, Железо, 18 мг, 120 растительных капсул",541.03,4.5,Now_Foods,https://ru.iherb.com/pr/Now-Foods-Iron-18-mg-120-Veg-Capsules/10481
"Now Foods, масло первоцвета вечернего, 500 мг, 250 капсул",1117.76,4.6,Now_Foods,https://ru.iherb.com/pr/Now-Foods-Evening-Primrose-Oil-500-mg-250-Softgels/609
"Now Foods, Капсулы с комплексом железа, 100 растительных капсул",698.6,4.7,Now_Foods,https://ru.iherb.com/pr/Now-Foods-Iron-Complex-Caps-100-Veg-Capsules/96627
"Now Foods, железо, двойной концентрации, 36 мг, 90 растительных капсул",698.85,4.7,Now_Foods,https://ru.iherb.com/pr/Now-Foods-Iron-Double-Strength-36-mg-90-Veg-Capsules/54089
"Now Foods, Магний и кальций, 250 таблеток",1397.98,4.7,Now_Foods,https://ru.iherb.com/pr/Now-Foods-Magnesium-Calcium-250-Tablets/659
"Now Foods, цитрат кальция, 250 таблеток",1395.96,4.4,Now_Foods,https://ru.iherb.com/pr/Now-Foods-Calcium-Citrate-250-Tablets/472
"Now Foods, Кальций из кораллов, 1000 мг, 100 растительных капсул",838.32,4.5,Now_Foods,https://ru.iherb.com/pr/Now-Foods-Coral-Calcium-1-000-mg-100-Veg-Capsules/489
"Now Foods, кальций из кораллов, 1000 мг, 250 растительных капсул",1677.42,4.5,Now_Foods,https://ru.iherb.com/pr/Now-Foods-Coral-Calcium-1-000-mg-250-Veg-Capsules/9889
"Now Foods, D-глюкарат кальция, 500 мг, 90 растительных капсул",1584.28,4.6,Now_Foods,https://ru.iherb.com/pr/Now-Foods-Calcium-D-Glucarate-500-mg-90-Veg-Capsules/66170
"Now Foods, Super Primrose, масло первоцвета вечернего, 1300 мг, 120 капсул",1165.11,4.5,Now_Foods,https://ru.iherb.com/pr/Now-Foods-Super-Primrose-Evening-Primrose-Oil-1300-mg-120-Softgels/851
"Now Foods, Coral Calcium Plus, 250 растительных капсул",1677.42,4.5,Now_Foods,https://ru.iherb.com/pr/Now-Foods-Coral-Calcium-Plus-250-Veg-Capsules/4257
"Now Foods, Йодид калия, 30 мг, 60 таблеток",558.11,4.3,Now_Foods,https://ru.iherb.com/pr/Now-Foods-Potassium-Iodide-30-mg-60-Tablets/33721
"Now Foods, Коралловый кальций плюс, 100 растительных капсул",838.32,4.5,Now_Foods,https://ru.iherb.com/pr/Now-Foods-Coral-Calcium-Plus-100-Veg-Capsules/302
"Now Foods, Льняное масло с незаменимыми жирными кислотами омега-3, 1000 мг, 250 мягких желатиновых капсул",1117.76,4.5,Now_Foods,https://ru.iherb.com/pr/Now-Foods-Flax-Oil-with-Essential-Omega-3-s-1-000-mg-250-Softgels/586
"Now Foods, льняное масло с высоким содержанием лигнана, 1000 мг, 120 капсул",605.59,4.4,Now_Foods,https://ru.iherb.com/pr/Now-Foods-High-Lignan-Flax-Oil-1-000-mg-120-Softgels/588
"Now Foods, Sports, аминокислоты с разветвленными цепями, 240 капсул",2237.08,4.6,Now_Foods,https://ru.iherb.com/pr/Now-Foods-Sports-Branched-Chain-Amino-Acids-240-Capsules/11705
"Now Foods, Sports, Branched-Chain Amino Acids, 120 Veg Capsules",1210.91,4.6,Now_Foods,https://ru.iherb.com/pr/Now-Foods-Sports-Branched-Chain-Amino-Acids-120-Veg-Capsules/4453
"Now Foods, Холин и инозитол, 100 растительных капсул",605.46,4.5,Now_Foods,https://ru.iherb.com/pr/Now-Foods-Choline-Inositol-100-Veg-Capsules/513
"Now Foods, Масло из семян черной смородины, 1000 мг, 100 мягких желатиновых капсул",1351.41,4.2,Now_Foods,https://ru.iherb.com/pr/Now-Foods-Black-Currant-Oil-1-000-mg-100-Softgels/46686
"Now Foods, Масло чёрной смородины, 500 мг, 100 желатиновых капсул",791.75,4.5,Now_Foods,https://ru.iherb.com/pr/Now-Foods-Black-Currant-Oil-500-mg-100-Softgels/446
"Now Foods, Solutions, кремний из бамбука для красоты волос, кожи и ногтей, 90 растительных капсул",745.18,4.6,Now_Foods,https://ru.iherb.com/pr/Now-Foods-Solutions-Bamboo-Silica-Beauty-90-Veg-Capsules/95364
"Now Foods, Кремниевый комплекс, 180 таблеток",1304.83,4.4,Now_Foods,https://ru.iherb.com/pr/Now-Foods-Silica-Complex-180-Tablets/799
"Now Foods, бор, 3 мг, 250 растительных капсул",838.32,4.6,Now_Foods,https://ru.iherb.com/pr/Now-Foods-Boron-3-mg-250-Veg-Capsules/428
"Now Foods, Капсулы с мультиминералами, 240 капсул",1491.13,4.4,Now_Foods,https://ru.iherb.com/pr/Now-Foods-Full-Spectrum-Minerals-Caps-240-Veg-Capsules/690
"Now Foods, Масло из зародышей пшеницы, 1130 мг, 100 мягких желатиновых капсул",791.75,4.5,Now_Foods,https://ru.iherb.com/pr/Now-Foods-Wheat-Germ-Oil-1-130-mg-100-Softgels/823
"Now Foods, Пиколинат хрома, 200 мкг, 250 растительных капсул",791.75,4.4,Now_Foods,https://ru.iherb.com/pr/Now-Foods-Chromium-Picolinate-200-mcg-250-Veg-Capsules/508
"Now Foods, Tri-Chromium, 500 мкг, 180 капсул",931.47,4.4,Now_Foods,https://ru.iherb.com/pr/Now-Foods-Tri-Chromium-500-mcg-180-Veg-Capsules/7258
"Now Foods, GTF Chromium, 200 мкг, 250 таблеток",745.18,4.5,Now_Foods,https://ru.iherb.com/pr/Now-Foods-GTF-Chromium-200-mcg-250-Tablets/624
"Now Foods, CholesterolSupport, 90 капсул в растительной оболочке",1210.91,4.0,Now_Foods,https://ru.iherb.com/pr/Now-Foods-Cholesterol-Support-90-Veg-Capsules/503
"Now Foods, Super Omega 3- 6- 9, 1,200 mg, 90 Softgels",791.75,4.6,Now_Foods,https://ru.iherb.com/pr/Now-Foods-Super-Omega-3-6-9-1-200-mg-90-Softgels/102320
"Now Foods, Хитозан, 500 мг, 240 растительных капсул",1677.5,4.2,Now_Foods,https://ru.iherb.com/pr/Now-Foods-Chitosan-500-mg-240-Veg-Capsules/499
"Now Foods, NAC, 600 мг, 250 растительных капсул",1490.97,4.6,Now_Foods,https://ru.iherb.com/pr/Now-Foods-NAC-600-mg-250-Veg-Capsules/694
"Now Foods, Цитрат кальция, 240 вегетарианских капсул",1304.83,4.6,Now_Foods,https://ru.iherb.com/pr/Now-Foods-Calcium-Citrate-Caps-240-Veg-Capsules/479
"Now Foods, жир печени трески, 1000 мг, 180 капсул",1211.18,4.6,Now_Foods,https://ru.iherb.com/pr/Now-Foods-Cod-Liver-Oil-1-000-mg-180-Softgels/53978
"Now Foods, Wild Alaskan Salmon Oil, 200 Softgels",1397.98,4.8,Now_Foods,https://ru.iherb.com/pr/Now-Foods-Wild-Alaskan-Salmon-Oil-200-Softgels/96438
"Now Foods, Цитрат магния, 200 мг, 250 таблеток",1397.98,4.6,Now_Foods,https://ru.iherb.com/pr/Now-Foods-Magnesium-Citrate-200-mg-250-Tablets/691
"Now Foods, Переносчики магния, 180 вегетарианских капсул",1165.11,4.8,Now_Foods,https://ru.iherb.com/pr/Now-Foods-Magnesium-Transporters-180-Veg-Capsules/86317
"Now Foods, Аспартат магния и калия, 120 растительных капсул",931.39,4.6,Now_Foods,https://ru.iherb.com/pr/Now-Foods-Magnesium-Potassium-Aspartate-120-Veg-Capsules/701
"Now Foods, Цитрат магния, 180 мягких таблеток",1304.45,4.6,Now_Foods,https://ru.iherb.com/pr/Now-Foods-Magnesium-Citrate-180-Softgels/22552
"Now Foods, малат магния 1000 мг, 180 таблеток",931.47,4.6,Now_Foods,https://ru.iherb.com/pr/Now-Foods-Magnesium-Malate-1-000-mg-180-Tablets/692
"Now Foods, Масло бурачника, высокая концентрация ГЛК, 1000 мг, 60 мягких желатиновых капсул",791.75,4.5,Now_Foods,https://ru.iherb.com/pr/Now-Foods-Borage-Oil-Concentration-GLA-1-000-mg-60-Softgels/16570
"Now Foods, Magnesium Malate Caps, 180 Veg Capsules",1117.76,4.8,Now_Foods,https://ru.iherb.com/pr/Now-Foods-Magnesium-Malate-Caps-180-Veg-Capsules/99029
"Now Foods, Глицинат магния, 180 таблеток",1397.98,4.5,Now_Foods,https://ru.iherb.com/pr/Now-Foods-Magnesium-Glycinate-180-Tablets/88819
"Now Foods, масло бурачника, концентрированная ГЛК, 1000 мг, 120 капсул",1491.13,4.5,Now_Foods,https://ru.iherb.com/pr/Now-Foods-Borage-Oil-Concentration-GLA-1-000-mg-120-Softgels/441
"Now Foods, Magtein, магния L-треонат, 90 вегетарианских капсул",2050.55,4.6,Now_Foods,https://ru.iherb.com/pr/Now-Foods-Magtein-Magnesium-L-Threonate-90-Veg-Capsules/57577
"Now Foods, магний в капсулах, 400 мг, 180 растительных капсул",885.38,4.6,Now_Foods,https://ru.iherb.com/pr/Now-Foods-Magnesium-Caps-400-mg-180-Veg-Capsules/662
"Now Foods, Цитрат магния, 240 вегетарианских капсул",1491.13,4.7,Now_Foods,https://ru.iherb.com/pr/Now-Foods-Magnesium-Citrate-240-Veg-Capsules/78201
"Now Foods, L-OptiZinc, 30 мг, 100 растительных капсул",490.57,4.4,Now_Foods,https://ru.iherb.com/pr/Now-Foods-L-OptiZinc-30-mg-100-Veg-Capsules/738
"Now Foods, цинк, 50 мг, 250 таблеток",651.25,4.5,Now_Foods,https://ru.iherb.com/pr/Now-Foods-Zinc-50-mg-250-Tablets/883
"Now Foods, Цитрат магния, 120 растительных капсул",792.11,4.7,Now_Foods,https://ru.iherb.com/pr/Now-Foods-Magnesium-Citrate-120-Veg-Capsules/698
"Now Foods, Cal-Mag, Stress Formula, 100 таблеток",791.75,4.3,Now_Foods,https://ru.iherb.com/pr/Now-Foods-Cal-Mag-Stress-Formula-100-Tablets/460
"Now Foods, тыквенное масло, 1000 мг, 100 капсул",698.85,4.5,Now_Foods,https://ru.iherb.com/pr/Now-Foods-Pumpkin-Seed-Oil-1000-mg-100-Softgels/755
"Now Foods, Масло семян черного тмина, 1000 мг, 60 капсул",931.47,4.8,Now_Foods,https://ru.iherb.com/pr/Now-Foods-Black-Cumin-Seed-Oil-1-000-mg-60-Softgels/98582
"Now Foods, Жир печени трески, усиленного действия, 1000 мг, 90 мягких таблеток",651.6,4.6,Now_Foods,https://ru.iherb.com/pr/Now-Foods-Cod-Liver-Oil-Extra-Strength-1-000-mg-90-Softgels/53977
"Now Foods, Cod Liver Oil, 650 мг, 250 мягких желатиновых капсул",931.39,4.6,Now_Foods,https://ru.iherb.com/pr/Now-Foods-Cod-Liver-Oil-650-mg-250-Softgels/491
"Now Foods, Лактат кальция, 250 таблеток",838.32,4.7,Now_Foods,https://ru.iherb.com/pr/Now-Foods-Calcium-Lactate-250-Tablets/465
"Now Foods, Cal-Mag Caps with Trace Minerals and Vitamin D, 120 Capsules",745.18,4.6,Now_Foods,https://ru.iherb.com/pr/Now-Foods-Cal-Mag-Caps-with-Trace-Minerals-and-Vitamin-D-120-Capsules/102335
"Now Foods, ДГК-500, 180 мягких таблеток",1789.42,4.6,Now_Foods,https://ru.iherb.com/pr/Now-Foods-DHA-500-Double-Strength-180-Softgels/10713
"Now Foods, ДГК-250, 120 мягких желатиновых капсул",931.39,4.7,Now_Foods,https://ru.iherb.com/pr/Now-Foods-DHA-250-120-Softgels/534
"Now Foods, Cal-Mag DK, 180 капсул",1210.91,4.5,Now_Foods,https://ru.iherb.com/pr/Now-Foods-Cal-Mag-DK-180-Capsules/10461
"Now Foods, капсулы с кальцием и магнием, 240 капсул",1397.71,4.6,Now_Foods,https://ru.iherb.com/pr/Now-Foods-Cal-Mag-Caps-240-Capsules/464
"Now Foods, Гидроксиапатит кальция в капсулах, 120 капсул",792.11,4.7,Now_Foods,https://ru.iherb.com/pr/Now-Foods-Calcium-Hydroxyapatite-Caps-120-Capsules/459
"Now Foods, DHA-1000 для улучшения работы мозга с повышенной силой действия, 1000 мг, 90 мягких таблеток",2330.35,4.6,Now_Foods,https://ru.iherb.com/pr/Now-Foods-DHA-1000-Brain-Support-Extra-Strength-1-000-mg-90-Softgels/98863
"Now Foods, кальций и магний с витамином D3 и цинком, 240 мягких капсул",1302.82,4.5,Now_Foods,https://ru.iherb.com/pr/Now-Foods-Calcium-Magnesium-with-Vitamin-D-3-and-Zinc-240-Softgels/461
"Now Foods, Кальций и магний, 250 таблеток",1116.52,4.5,Now_Foods,https://ru.iherb.com/pr/Now-Foods-Calcium-Magnesium-250-Tablets/453
"Now Foods, Selenium, 100 mcg, 100 Tablets",343.87,4.7,Now_Foods,https://ru.iherb.com/pr/Now-Foods-Selenium-100-mcg-100-Tablets/102324
"Now Foods, Селен, 100 мкг, 250 таблеток",651.25,4.7,Now_Foods,https://ru.iherb.com/pr/Now-Foods-Selenium-100-mcg-250-Tablets/813
"Now Foods, Селен, 200 мкг, 180 растительных капсул",885.67,4.8,Now_Foods,https://ru.iherb.com/pr/Now-Foods-Selenium-200-mcg-180-Veg-Capsules/818
"Now Foods, Ацетил-L-карнитин, 500 мг, 100 растительных капсул",1117.92,4.6,Now_Foods,https://ru.iherb.com/pr/Now-Foods-Acetyl-L-Carnitine-500-mg-100-Veg-Capsules/316
"Now Foods, NAC, 1000 мг, 120 таблеток",1397.98,4.6,Now_Foods,https://ru.iherb.com/pr/Now-Foods-NAC-1-000-mg-120-Tablets/59157
"Now Foods, NAC (N-ацетилцистеин), 600 мг, 100 растительных капсул",931.39,4.6,Now_Foods,https://ru.iherb.com/pr/Now-Foods-NAC-600-mg-100-Veg-Capsules/37836
"Now Foods, суперомега 3-6-9, 1200 мг, 180 капсул",1192.53,4.6,Now_Foods,https://ru.iherb.com/pr/Now-Foods-Super-Omega-3-6-9-1-200-mg-180-Softgels/325
"Now Foods, L-карнозин, 500 мг, 50 растительных капсул",1397.71,4.5,Now_Foods,https://ru.iherb.com/pr/Now-Foods-L-Carnosine-500-mg-50-Veg-Capsules/308
"Now Foods, ультра омега-3-D, 180 рыбных капсул",2330.35,4.8,Now_Foods,https://ru.iherb.com/pr/Now-Foods-Ultra-Omega-3-D-180-Fish-Softgels/68700
"Now Foods, Глицин, 1000 мг, 100 растительных капсул",698.6,4.6,Now_Foods,https://ru.iherb.com/pr/Now-Foods-Glycine-1-000-mg-100-Veg-Capsules/18106
"Now Foods, омега-3, очищенная на молекулярном уровне, 30 капсул",195.58,4.7,Now_Foods,https://ru.iherb.com/pr/Now-Foods-Omega-3-Molecularly-Distilled-30-Softgels/78091
"Now Foods, Sports, ААКГ 3500, аминокислоты, 180 таблеток",2796.74,4.6,Now_Foods,https://ru.iherb.com/pr/Now-Foods-Sports-AAKG-3500-Amino-Acids-180-Tablets/377
"Now Foods, Мини-таблетки с омега-3, 180 мягких таблеток",885.38,4.8,Now_Foods,https://ru.iherb.com/pr/Now-Foods-Omega-3-Mini-Gels-180-Softgels/23362
"Now Foods, ЭПК Super Omega, очищенная на молекулярном уровне, 240 мягких таблеток",1490.97,4.7,Now_Foods,https://ru.iherb.com/pr/Now-Foods-Molecularly-Distilled-Super-Omega-EPA-240-Softgels/8305
"Now Foods, Омега-3, 180 мягких желатиновых капсул",1117.92,4.6,Now_Foods,https://ru.iherb.com/pr/Now-Foods-Omega-3-Molecularly-Distilled-180-Softgels/724
"Now Foods, L-Theanine, двойная сила, 200 мг, 60 растительных капсул",1210.91,4.4,Now_Foods,https://ru.iherb.com/pr/Now-Foods-L-Theanine-Double-Strength-200-mg-60-Veg-Capsules/6916
"Now Foods, L-теанин, 100 мг, 90 растительных капсул",1024.66,4.3,Now_Foods,https://ru.iherb.com/pr/Now-Foods-L-Theanine-100-mg-90-Veg-Capsules/853
"Now Foods, L-теанин, двойная сила, 200 мг, 120 растительных капсул",1714.68,4.4,Now_Foods,https://ru.iherb.com/pr/Now-Foods-Double-Strength-L-Theanine-200-mg-120-Veg-Capsules/54096
"Now Foods, Mood Support со зверобоем, 90 растительных капсул",931.47,4.3,Now_Foods,https://ru.iherb.com/pr/Now-Foods-Mood-Support-with-St-John-s-Wort-90-Veg-Capsules/8214
"Now Foods, L-карнитин, 250 мг, 60 капсул",698.85,4.5,Now_Foods,https://ru.iherb.com/pr/Now-Foods-L-Carnitine-250-mg-60-Capsules/463
"Now Foods, Ultra Omega 3-D, 90 рыбных капсул",1397.71,4.8,Now_Foods,https://ru.iherb.com/pr/Now-Foods-Ultra-Omega-3-D-90-Fish-Softgels/91619
"Now Foods, L-Carnitine, 500 mg, 30 Veg Capsules",652.03,4.6,Now_Foods,https://ru.iherb.com/pr/Now-Foods-L-Carnitine-500-mg-30-Veg-Capsules/102321
"Now Foods, L-карнозин, 500 мг, 100 растительных капсул",2516.87,4.5,Now_Foods,https://ru.iherb.com/pr/Now-Foods-L-Carnosine-500-mg-100-Veg-Capsules/457
"Now Foods, L-карнитин, 500 мг, 180 капсул в растительной оболочке",3076.18,4.6,Now_Foods,https://ru.iherb.com/pr/Now-Foods-L-Carnitine-500-mg-180-Veg-Capsules/300
"Now Foods, Ultra Omega-3, 90 Softgels",1211.18,4.7,Now_Foods,https://ru.iherb.com/pr/Now-Foods-Ultra-Omega-3-90-Softgels/76073
"Now Foods, L-орнитин, 500 мг, 120 растительных капсул",1210.91,4.4,Now_Foods,https://ru.iherb.com/pr/Now-Foods-L-Ornithine-500-mg-120-Veg-Capsules/735
"Now Foods, Ацетил-L-карнитин, 750 мг, 90 таблеток",1863.72,4.3,Now_Foods,https://ru.iherb.com/pr/Now-Foods-Acetyl-L-Carnitine-750-mg-90-Tablets/6110
"Now Foods, Acetyl-L- Carnitine, 500 mg,  50 Veg Capsules",791.75,4.6,Now_Foods,https://ru.iherb.com/pr/Now-Foods-Acetyl-L-Carnitine-500-mg-50-Veg-Capsules/102331
"Now Foods, L-цитрулин, 750 мг, 180 капсул в растительной оболочке",2330.23,4.3,Now_Foods,https://ru.iherb.com/pr/Now-Foods-L-Citrulline-750-mg-180-Veg-Capsules/14209
"Now Foods, L-цитруллин, 750 мг, 90 растительных капсул",1304.83,4.3,Now_Foods,https://ru.iherb.com/pr/Now-Foods-L-Citrulline-750-mg-90-Veg-Capsules/6688
"Now Foods, L-цитруллин, 1 200 мг, 120 таблеток",1863.72,4.4,Now_Foods,https://ru.iherb.com/pr/Now-Foods-L-Citrulline-1-200-mg-120-Tablets/59155
"Now Foods, L-цистеин, 500 мг, 100 таблеток",707.92,4.1,Now_Foods,https://ru.iherb.com/pr/Now-Foods-L-Cysteine-500-mg-100-Tablets/538
"Now Foods, Спортивная серия, бета-аланин, выносливость, 750 мг, 120 растительных капсул",1397.98,4.5,Now_Foods,https://ru.iherb.com/pr/Now-Foods-Sports-Beta-Alanine-Endurance-750-mg-120-Veg-Capsules/13949
"Now Foods, ультра омега-3, 180 капсул",1714.81,4.7,Now_Foods,https://ru.iherb.com/pr/Now-Foods-Ultra-Omega-3-180-Softgels/8341
"Now Foods, Омега-3, очищенная на молекулярном уровне, 500 капсул",1723.22,4.6,Now_Foods,https://ru.iherb.com/pr/Now-Foods-Molecularly-Distilled-Omega-3-500-Softgels/18104
"Now Foods, L-фенилаланин, 500 мг, 120 растительных капсул",885.38,4.5,Now_Foods,https://ru.iherb.com/pr/Now-Foods-L-Phenylalanine-500-mg-120-Veg-Capsules/736
"Now Foods, L-триптофан, 500 мг, 120 растительных капсул",1490.97,4.4,Now_Foods,https://ru.iherb.com/pr/Now-Foods-L-Tryptophan-500-mg-120-Veg-Caps/13859
"Now Foods, L-тирозин, 500 мг, 120 капсул",745.18,4.5,Now_Foods,https://ru.iherb.com/pr/Now-Foods-L-Tyrosine-500-mg-120-Capsules/836
"Now Foods, L-тирозин, с повышенной силой действия, 750 мг, 90 растительных капсул",931.47,4.7,Now_Foods,https://ru.iherb.com/pr/Now-Foods-L-Tyrosine-Extra-Strength-750-mg-90-Veg-Capsules/6681
"Now Foods, омега-3, очищенная на молекулярном уровне, 200 рыбных капсул",885.38,4.8,Now_Foods,https://ru.iherb.com/pr/Now-Foods-Molecularly-Distilled-Omega-3-200-Fish-Softgels/96435
"Now Foods, L-пролин, 500 мг, 120 растительных капсул",792.11,4.7,Now_Foods,https://ru.iherb.com/pr/Now-Foods-L-Proline-500-mg-120-Veg-Capsules/6671
"Now Foods, L-метионин, 500 мг, 100 капсул",745.18,4.5,Now_Foods,https://ru.iherb.com/pr/Now-Foods-L-Methionine-500-mg-100-Capsules/706
"Now Foods, L-карнитин, 500 мг, 60 растительных капсул",1211.18,4.6,Now_Foods,https://ru.iherb.com/pr/Now-Foods-L-Carnitine-500-mg-60-Veg-Capsules/37830
"Now Foods, L-карнитин, 1000 мг, 100 таблеток",2460.91,4.5,Now_Foods,https://ru.iherb.com/pr/Now-Foods-L-Carnitine-1-000-mg-100-Tablets/2507
"Now Foods, L-Lysine, 500 mg, 100 Tablets",392.77,4.6,Now_Foods,https://ru.iherb.com/pr/Now-Foods-L-Lysine-500-mg-100-Tablets/102336
"Now Foods, Масло морского криля Нептун, 500 мг, 60 мягких таблеток",1584.24,4.5,Now_Foods,https://ru.iherb.com/pr/Now-Foods-Neptune-Krill-Oil-500-mg-60-Softgels/14424
"Now Foods, Криль и CoQ10, 60 мягких желатиновых капсул",2097.8,4.2,Now_Foods,https://ru.iherb.com/pr/Now-Foods-Krill-CoQ10-60-Softgels/77390
"Now Foods, Спортивная серия, L-глутамин, 1000 мг, 240 капсул",1770.57,4.5,Now_Foods,https://ru.iherb.com/pr/Now-Foods-Sports-L-Glutamine-1-000-mg-240-Veg-Capsules/3326
"Now Foods, L-глутамин, двойной концентрации, 1000 мг, 120 растительных капсул",931.47,4.5,Now_Foods,https://ru.iherb.com/pr/Now-Foods-L-Glutamine-Double-Strength-1-000-mg-120-Veg-Capsules/301
"Now Foods, L-глутамин, 500 мг, 120 растительных капсул",698.85,4.5,Now_Foods,https://ru.iherb.com/pr/Now-Foods-L-Glutamine-500-mg-120-Veg-Capsules/622
"Now Foods, L-Arginine, 700 mg, 180 Veg Capsules",1211.18,4.6,Now_Foods,https://ru.iherb.com/pr/Now-Foods-L-Arginine-700-mg-180-Veg-Capsules/99027
"Now Foods, L-Arginine, 500 mg, 100 Veg Capsules",558.88,4.5,Now_Foods,https://ru.iherb.com/pr/Now-Foods-L-Arginine-500-mg-100-Veg-Capsules/102330
"Now Foods, Криль Neptune 1000, 1000 мг, 120 мягких желатиновых капсул",4661.93,4.5,Now_Foods,https://ru.iherb.com/pr/Now-Foods-Neptune-Krill-1000-1-000-mg-120-Softgels/73263
"Now Foods, Спортивная серия, аргинин и орнитин, 500 мг / 250 мг, 250 растительных капсул",1863.72,4.4,Now_Foods,https://ru.iherb.com/pr/Now-Foods-Sports-Arginine-Ornithine-500-mg-250-mg-250-Veg-Capsules/362
"Now Foods, Sports, Arginine & Citrulline, 500 mg /250 mg, 240 Veg Capsules",2330.23,4.4,Now_Foods,https://ru.iherb.com/pr/Now-Foods-Sports-Arginine-Citrulline-240-Veg-Capsules/78202
"Now Foods, Sports, аргинин и цитруллин, 500 мг / 250 мг, 120 растительных капсул",1258.43,4.4,Now_Foods,https://ru.iherb.com/pr/Now-Foods-Sports-Arginine-Citrulline-120-Veg-Capsules/16279
"Now Foods, Крилевый жир Neptune Krill 1000, двойная эффективность, 1000 мг, 60 мягких желатиновых капсул",2237.08,4.5,Now_Foods,https://ru.iherb.com/pr/Now-Foods-Neptune-Krill-1000-Double-Strength-1-000-mg-60-Softgels/22675
"Now Foods, L-аргинин, 500 мг, 250 растительных капсул",1117.92,4.5,Now_Foods,https://ru.iherb.com/pr/Now-Foods-L-Arginine-500-mg-250-Veg-Capsules/359
"Now Foods, L-аргинин, двойная концентрация, 1000 мг, 120 таблеток",1304.45,4.4,Now_Foods,https://ru.iherb.com/pr/Now-Foods-L-Arginine-Double-Strength-1-000-mg-120-Tablets/411
"Now Foods, омега 3-6-9, 1000 мг, 250 мягких таблеток",1397.98,4.6,Now_Foods,https://ru.iherb.com/pr/Now-Foods-Omega-3-6-9-1-000-mg-250-Softgels/723
"Now Foods, Таурин, двойная сила, 1000 мг, 250 капсул в растительной оболочке",1210.91,4.5,Now_Foods,https://ru.iherb.com/pr/Now-Foods-Double-Strength-Taurine-1-000-mg-250-Veg-Capsules/39933
"Now Foods, Таурин, 500 мг, 100 капсул",392.47,4.7,Now_Foods,https://ru.iherb.com/pr/Now-Foods-Taurine-500-mg-100-Capsules/852
"Now Foods, таурин, двойной концентрации, 1000 мг, 100 растительных капсул",605.46,4.5,Now_Foods,https://ru.iherb.com/pr/Now-Foods-Taurine-Double-Strength-1-000-mg-100-Veg-Capsules/15787
"Now Foods, ГАМК, 500 мг, 100 растительных капсул",605.59,4.4,Now_Foods,https://ru.iherb.com/pr/Now-Foods-GABA-500-mg-100-Veg-Capsules/605
"Now Foods, ультра омега-3, 500 ЭПК / 250 ДГК, 180 рыбных капсул",2143.82,4.8,Now_Foods,https://ru.iherb.com/pr/Now-Foods-Ultra-Omega-3-500-EPA-250-DHA-180-Fish-Softgels/96436
"Now Foods, Рыбий жир Омега Tri-3D + витамин D-3, 90 капсул",931.39,4.6,Now_Foods,https://ru.iherb.com/pr/Now-Foods-Tri-3D-Omega-90-Softgels/39952
"Now Foods, Super Omega EPA, очищенная молекулярной дистилляцией, 120 мягких желатиновых капсул",1024.66,4.7,Now_Foods,https://ru.iherb.com/pr/Now-Foods-Super-Omega-EPA-Molecularly-Distilled-120-Softgels/858
"Now Foods, L-лизин, 500 мг, 250 таблеток",838.32,4.6,Now_Foods,https://ru.iherb.com/pr/Now-Foods-L-Lysine-500-mg-250-Tablets/667
"Now Foods, L-лизин, 500 мг, 250 капсул",885.38,4.8,Now_Foods,https://ru.iherb.com/pr/Now-Foods-L-Lysine-500-mg-250-Capsules/661
"Now Foods, L-лизин, 1000 мг, 250 таблеток",1304.45,4.6,Now_Foods,https://ru.iherb.com/pr/Now-Foods-L-Lysine-1-000-mg-250-Tablets/78200
"Now Foods, L-лизин, 1000 мг, 100 таблеток",605.59,4.6,Now_Foods,https://ru.iherb.com/pr/Now-Foods-L-Lysine-1-000-mg-100-Tablets/10523
"Now Foods, Пиколинат цинка, 50 мг, 120 растительных капсул",698.6,4.7,Now_Foods,https://ru.iherb.com/pr/Now-Foods-Zinc-Picolinate-50-mg-120-Veg-Capsules/878
"Now Foods, Amino Complete, Amino Acids, 120 Veg Capsules",745.18,4.5,Now_Foods,https://ru.iherb.com/pr/Now-Foods-Amino-Complete-Amino-Acids-120-Veg-Capsules/102334
"Now Foods, Sports, Amino Complete, аминокислотный комплекс, 360 растительных капсул",1677.42,4.5,Now_Foods,https://ru.iherb.com/pr/Now-Foods-Sports-Amino-Complete-360-Veg-Capsules/5421
"Now Foods, Масло морского криля «Нептун», 500 мг, 120 мягких таблеток",3030.44,4.5,Now_Foods,https://ru.iherb.com/pr/Now-Foods-Neptune-Krill-Oil-500-mg-120-Softgels/11215
"Now Foods, True Calm, 90 растительных капсул",745.18,4.3,Now_Foods,https://ru.iherb.com/pr/Now-Foods-True-Calm-90-Veg-Capsules/841
"Now Foods, ГАМК, 750 мг, 200 вегетарианских капсул",1584.24,4.5,Now_Foods,https://ru.iherb.com/pr/Now-Foods-GABA-750-mg-200-Veg-Capsules/78205
"Now Foods, ГАМК, 500 мг, 200 растительных капсул",1165.17,4.4,Now_Foods,https://ru.iherb.com/pr/Now-Foods-GABA-with-Vitamin-B-6-500-mg-200-Veg-Capsules/14040
"Now Foods, ГАМК, 750 мг, 100 растительных капсул",838.13,4.4,Now_Foods,https://ru.iherb.com/pr/Now-Foods-GABA-750-mg-100-Veg-Capsules/5020
"Now Foods, Tri-Amino, 120 капсул",1117.76,4.3,Now_Foods,https://ru.iherb.com/pr/Now-Foods-Tri-Amino-120-Capsules/840
"Now Foods, бузина, 500 мг, 60 вегетарианских капсул",744.87,4.7,Now_Foods,https://ru.iherb.com/pr/Now-Foods-Elderberry-500-mg-60-Veg-Capsules/578
"Now Foods, Pumpkin Seed Oil, 1,000 mg, 200 Softgels",1351.41,4.5,Now_Foods,https://ru.iherb.com/pr/Now-Foods-Pumpkin-Seed-Oil-1-000-mg-200-Softgels/100204
"Now Foods, Ниацин двойной концентрации, не вызывающий покраснений, 500 мг, 180 растительных капсул",1863.72,4.6,Now_Foods,https://ru.iherb.com/pr/Now-Foods-Niacin-Flush-Free-Double-Strength-500-mg-180-Veg-Capsules/24418
"Now Foods, пивные дрожжи, 200 таблеток ",558.34,4.3,Now_Foods,https://ru.iherb.com/pr/Now-Foods-Brewer-s-Yeast-200-Tablets/48771
"Now Foods, Желатиновые капсулы с ДГК для беременных, 90 мягких желатиновых капсул",1258.43,4.6,Now_Foods,https://ru.iherb.com/pr/Now-Foods-Prenatal-Gels-DHA-90-Softgels/45705
"Now Foods, Необработанная мака, 750 мг, 30 вегетарианских капсул",490.57,4.3,Now_Foods,https://ru.iherb.com/pr/Now-Foods-Raw-Maca-750-mg-30-Veg-Capsules/78092
"Now Foods, Special Two, мультивитамины, 120 растительных капсул",1210.91,4.4,Now_Foods,https://ru.iherb.com/pr/Now-Foods-Special-Two-Multi-Vitamin-120-Veg-Capsules/39669
"Now Foods, пренатальный гель с ДГК, 180 капсул",2284.33,4.6,Now_Foods,https://ru.iherb.com/pr/Now-Foods-Prenatal-Gels-DHA-180-Softgels/45706
"Now Foods, мака, 500 мг, 100 растительных капсул",605.59,4.3,Now_Foods,https://ru.iherb.com/pr/Now-Foods-Maca-500-mg-100-Veg-Capsules/336
"Now Foods, мака, 500 мг, 250 растительных капсул",1006.0,4.3,Now_Foods,https://ru.iherb.com/pr/Now-Foods-Maca-500-mg-250-Veg-Capsules/9743
"Now Foods, Мака, необработанная, 750 мг, 90 растительных капсул",854.62,4.3,Now_Foods,https://ru.iherb.com/pr/Now-Foods-Maca-Raw-750-mg-90-Veg-Capsules/18046
"Now Foods, Virgin Coconut Oil, 1,000 mg, 120 Softgels",744.87,4.4,Now_Foods,https://ru.iherb.com/pr/Now-Foods-Virgin-Coconut-Oil-1-000-mg-120-Softgels/8220
"Now Foods, Минеральные вещества из красных водорослей, 180 растительных капсул",931.47,4.5,Now_Foods,https://ru.iherb.com/pr/Now-Foods-Red-Mineral-Algae-180-Veg-Capsules/14526
"Now Foods, Инозитол в капсулах, 500 мг, 100 растительных капсул",490.91,4.6,Now_Foods,https://ru.iherb.com/pr/Now-Foods-Inositol-Capsules-500-mg-100-Veg-Capsules/684
"Now Foods, Фолиевая кислота, 800 мкг, 250 таблеток",392.47,4.7,Now_Foods,https://ru.iherb.com/pr/Now-Foods-Folic-Acid-800-mcg-250-Tablets/601
"Now Foods, Ниацин, 500 мг, 100 капсул",490.91,4.3,Now_Foods,https://ru.iherb.com/pr/Now-Foods-Niacin-500-mg-100-Capsules/30566
"Now Foods, метилфолат, 1000 мкг, 90 таблеток",931.39,4.8,Now_Foods,https://ru.iherb.com/pr/Now-Foods-Methyl-Folate-1-000-mcg-90-Tablets/70964
"Now Foods, Ниацин, 500 мг, 250 таблеток",931.39,4.3,Now_Foods,https://ru.iherb.com/pr/Now-Foods-Niacin-500-mg-250-Tablets/693
"Now Foods, B-100, 100 веганских капсул",1117.92,4.6,Now_Foods,https://ru.iherb.com/pr/Now-Foods-B-100-100-Veg-Capsules/37829
"Now Foods, бузина, 500 мг, 120 вегетарианских капсул",1351.41,4.7,Now_Foods,https://ru.iherb.com/pr/Now-Foods-Elderberry-500-mg-120-Veg-Capsules/99028
"Now Foods, P-5-P, 50 мг, 90 вегетарианских капсул",931.47,4.7,Now_Foods,https://ru.iherb.com/pr/Now-Foods-P-5-P-50-mg-90-Veg-Capsules/78096
"Now Foods, B-100, с замедленным высвобождением, 100 таблеток",1165.11,4.4,Now_Foods,https://ru.iherb.com/pr/Now-Foods-Sustained-Release-B-100-100-Tablets/54510
"Now Foods, Натуральная спирулина, 500 мг, 120 растительных капсул",744.87,4.7,Now_Foods,https://ru.iherb.com/pr/Now-Foods-Natural-Spirulina-500-mg-120-Veg-Capsules/800
"Now Foods, Ниацин, не вызывающий покраснений, 250 мг, 180 растительных капсул",1024.62,4.5,Now_Foods,https://ru.iherb.com/pr/Now-Foods-Flush-Free-Niacin-250-mg-180-Veg-Capsules/697
"Now Foods, ПАБК, 500 мг, 100 капсул",540.79,4.3,Now_Foods,https://ru.iherb.com/pr/Now-Foods-PABA-500-mg-100-Capsules/732
"Now Foods, B-100, 250 растительных капсул",2330.23,4.6,Now_Foods,https://ru.iherb.com/pr/Now-Foods-B-100-250-Veg-Capsules/395
"Now Foods, Никотиновая кислота без промывки, двойная сила, 500 мг, 90 вегетарианских капсул",1024.62,4.6,Now_Foods,https://ru.iherb.com/pr/Now-Foods-Flush-Free-Niacin-Double-Strength-500-mg-90-Veg-Capsules/1102
"Now Foods, НАДH, 10 мг, 60 растительных капсул",2330.23,4.2,Now_Foods,https://ru.iherb.com/pr/Now-Foods-NADH-10-mg-60-Veg-Capsules/22232
"Now Foods, Certified Organic Spirulina, 500 mg, 100 Tablets",491.35,4.6,Now_Foods,https://ru.iherb.com/pr/Now-Foods-Certified-Organic-Spirulina-500-mg-100-Tablets/102338
"Now Foods, EVE, превосходные мультивитамины для женщин, 180 мягких таблеток",2330.35,4.7,Now_Foods,https://ru.iherb.com/pr/Now-Foods-EVE-Superior-Women-s-Multi-180-Softgels/23363
"Now Foods, ADAM, эффективные мультивитамины для мужчин, 180 капсул",2516.87,4.8,Now_Foods,https://ru.iherb.com/pr/Now-Foods-ADAM-Superior-Men-s-Multi-180-Softgels/23364
"Now Foods, максимально высокоактивный витамин D3, 250 мкг (10 000 МЕ), 120 мягких таблеток",632.62,4.9,Now_Foods,https://ru.iherb.com/pr/Now-Foods-Highest-Potency-Vitamin-D-3-250-mcg-10-000-IU-120-Softgels/52326
"Now Foods, витамин D3, высокоактивный, 50 мкг (2000 МЕ), 240 мягких таблеток",632.95,4.9,Now_Foods,https://ru.iherb.com/pr/Now-Foods-Vitamin-D-3-High-Potency-50-mcg-2-000-IU-240-Softgels/16272
"Now Foods, витамин D3, высокоактивный, 25 мкг (1000 МЕ), 180 мягких таблеток",442.35,4.8,Now_Foods,https://ru.iherb.com/pr/Now-Foods-Vitamin-D-3-High-Potency-25-mcg-1-000-IU-180-Softgels/543
"Now Foods, витамины D3 и K2, 45 мкг (1000 МЕ), 120 растительных капсул",605.59,4.8,Now_Foods,https://ru.iherb.com/pr/Now-Foods-Vitamin-D-3-K-2-45mcg-1-000-IU-120-Veg-Capsules/10056
"Now Foods, мега D3 и MK-7, 180 мкг (5000 МЕ), 60 растительных капсул",1165.11,4.8,Now_Foods,https://ru.iherb.com/pr/Now-Foods-Mega-D-3-MK-7-180-mcg-5-000-IU-60-Veg-Capsules/79866
"Now Foods, высокоактивный витамин D3, 50 мкг (2000 МЕ), 30 капсул",195.61,4.9,Now_Foods,https://ru.iherb.com/pr/Now-Foods-High-Potency-Vitamin-D-3-50-mcg-2-000-IU-30-Softgels/78093
"Now Foods, витамин D3, структурная поддержка, 10 мкг (400 МЕ), 180 мягких таблеток",343.9,4.7,Now_Foods,https://ru.iherb.com/pr/Now-Foods-Vitamin-D-3-Structural-Support-10-mcg-400-IU-180-Softgels/6108
"Now Foods, Нони, 450 мг, 90 растительных капсул",683.93,4.3,Now_Foods,https://ru.iherb.com/pr/Now-Foods-Noni-450-mg-90-Veg-Capsules/708
"Now Foods, Вишня, 500 мг, 90 вегетарианских капсул",1165.11,4.6,Now_Foods,https://ru.iherb.com/pr/Now-Foods-Tart-Cherry-500-mg-90-Veg-Capsules/86756
"Now Foods, Cherry Concentrate, 750 mg, 180 Veg Capsules",1770.57,4.5,Now_Foods,https://ru.iherb.com/pr/Now-Foods-Cherry-Concentrate-750-mg-180-Veg-Capsules/14428
"Now Foods, Витамин D, высокоактивный, 1000 МЕ, 120 растительных капсул",490.57,4.6,Now_Foods,https://ru.iherb.com/pr/Now-Foods-Vitamin-D-High-Potency-1-000-IU-120-Veg-Capsules/11586
"Now Foods, Magnesium & Calcium, 100 Tablets",698.6,4.7,Now_Foods,https://ru.iherb.com/pr/Now-Foods-Magnesium-Calcium-100-Tablets/39667
"Now Foods, C-1000, 100 таблеток",605.46,4.6,Now_Foods,https://ru.iherb.com/pr/Now-Foods-C-1000-100-Tablets/39672
"Now Foods, C-1000, 100 растительных капсул",605.59,4.8,Now_Foods,https://ru.iherb.com/pr/Now-Foods-C-1000-100-Veg-Capsules/39671
"Now Foods, келп, 250 растительных капсул",745.18,4.7,Now_Foods,https://ru.iherb.com/pr/Now-Foods-Kelp-250-Veg-Capsules/15892
"Now Foods, C-500 с шиповником, 250 таблеток",792.11,4.8,Now_Foods,https://ru.iherb.com/pr/Now-Foods-C-500-With-Rose-Hips-250-Tablets/478
"Now Foods, C-1000, со 100 мг биофлавоноидов, 250 растительных капсул",1304.45,4.7,Now_Foods,https://ru.iherb.com/pr/Now-Foods-C-1000-With-100-mg-of-Bioflavonoids-250-Veg-Capsules/475
"Now Foods, аскорбил пальмитат, 500 мг, 100 растительных капсул",931.39,4.6,Now_Foods,https://ru.iherb.com/pr/Now-Foods-Ascorbyl-Palmitate-500-mg-100-Veg-Capsules/407
"Now Foods, жевательный витамин C-500, со вкусом апельсинового сока, 100 таблеток",698.6,4.5,Now_Foods,https://ru.iherb.com/pr/Now-Foods-Chewable-C-500-Orange-Juice-Flavor-100-Tablets/7946
"Now Foods, C-1000, 500 растительных капсул",2514.19,4.7,Now_Foods,https://ru.iherb.com/pr/Now-Foods-C-1000-500-Veg-Capsules/16539
"Now Foods, C- 500, Calcium Ascorbate- C, 100 Capsules",540.25,4.8,Now_Foods,https://ru.iherb.com/pr/Now-Foods-C-500-Calcium-Ascorbate-C-100-Capsules/102342
"Now Foods, Tru-C, 60 вегакапсул",1211.18,4.8,Now_Foods,https://ru.iherb.com/pr/Now-Foods-Tru-C-60-Veg-Capsules/86758
"Now Foods, сублимированные ягоды асаи, 500 мг, 100 растительных капсул",931.39,4.3,Now_Foods,https://ru.iherb.com/pr/Now-Foods-Freeze-Dried-Acai-500-mg-100-Veg-Capsules/13037
"Now Foods, AlphaSorb-C 500, 180 Veg Capsules",1491.13,4.7,Now_Foods,https://ru.iherb.com/pr/Now-Foods-AlphaSorb-C-500-180-Veg-Capsules/9381
"Now Foods, клюква с проантоцианидами, 90 растительных капсул",838.13,4.6,Now_Foods,https://ru.iherb.com/pr/Now-Foods-Cranberry-with-PACs-90-Veg-Capsules/505
"Now Foods, клюквенные капсулы, 100 растительных капсул",791.75,4.6,Now_Foods,https://ru.iherb.com/pr/Now-Foods-Cranberry-Caps-100-Veg-Capsules/487
"Now Foods, хлорофилл, 100 мг, 90 растительных капсул",744.87,4.4,Now_Foods,https://ru.iherb.com/pr/Now-Foods-Chlorophyll-100-mg-90-Veg-Capsules/498
"Now Foods, ADAM, превосходные мультивитамины для мужчин, 90 мягких таблеток",1397.71,4.8,Now_Foods,https://ru.iherb.com/pr/Now-Foods-ADAM-Superior-Men-s-Multi-90-Softgels/76072
"Now Foods, C-1000, 250 таблеток",1304.83,4.6,Now_Foods,https://ru.iherb.com/pr/Now-Foods-C-1000-With-Rose-Hips-and-Bioflavonoids-250-Tablets/468
"Now Foods, пантетин, двойная сила, 600 мг, 60 мягких желатиновых капсул",2143.82,4.7,Now_Foods,https://ru.iherb.com/pr/Now-Foods-Pantethine-Double-Strength-600-mg-60-Softgels/9863
"Now Foods, Ацетил-L-карнитин, 500 мг, 200 растительных капсул",2610.14,4.6,Now_Foods,https://ru.iherb.com/pr/Now-Foods-Acetyl-L-Carnitine-500-mg-200-Veg-Capsules/15271
"Now Foods, Vegetarian Dry E-400, 268 мг (400 МЕ), 100 растительных капсул",1024.62,4.6,Now_Foods,https://ru.iherb.com/pr/Now-Foods-Vegetarian-Dry-E-400-268-mg-400-IU-100-Veg-Capsules/41721
"Now Foods, добавка с полным спектром витамина Е, улучшенная, 120 капсул",1677.5,4.6,Now_Foods,https://ru.iherb.com/pr/Now-Foods-Gamma-E-Complex-Advanced-120-Softgels/299
"Now Foods, E-1000, 100 мягких таблеток",2050.79,4.2,Now_Foods,https://ru.iherb.com/pr/Now-Foods-E-1000-100-Softgels/48283
"Now Foods, Methyl B-12, 5,000 mcg, 90 Veg Capsules",1397.98,4.9,Now_Foods,https://ru.iherb.com/pr/Now-Foods-Methyl-B-12-5-000-mcg-90-Veg-Capsules/88820
"Now Foods, MK-7, витамин K-2, 100 мкг, 120 растительных капсул",1770.76,4.8,Now_Foods,https://ru.iherb.com/pr/Now-Foods-MK-7-Vitamin-K-2-100-mcg-120-Veg-Capsules/78992
"Now Foods, Витамин K2, 100 мкг, 100 растительных капсул",698.6,4.6,Now_Foods,https://ru.iherb.com/pr/Now-Foods-Vitamin-K-2-100-mcg-100-Veg-Capsules/8702
"Now Foods, Сертифицированная органическая хлорелла, 500 мг, 200 таблеток",931.47,4.4,Now_Foods,https://ru.iherb.com/pr/Now-Foods-Certified-Organic-Chlorella-500-mg-200-Tablets/21320
"Now Foods, Натуральный витамин E-400 со смесью токоферолов, 250 мягких желатиновых капсул",1864.03,4.7,Now_Foods,https://ru.iherb.com/pr/Now-Foods-E-400-with-Mixed-Tocopherols-268-mg-400-IU-250-Softgels/304
"Now Foods, Витамин К-2, 100 мкг, 250 вегетарианских капсул",1491.13,4.6,Now_Foods,https://ru.iherb.com/pr/Now-Foods-Vitamin-K-2-100-mcg-250-Veg-Capsules/80111
"Now Foods, MK-7, витамин K-2, повышенная сила действия, 300 мкг, 60 растительных капсул",1631.63,4.9,Now_Foods,https://ru.iherb.com/pr/Now-Foods-MK-7-Vitamin-K-2-Extra-Strength-300-mcg-60-Veg-Capsules/100203
"Now Foods, MK-7, витамин K2, 100 мкг, 60 растительных капсул",931.39,4.8,Now_Foods,https://ru.iherb.com/pr/Now-Foods-MK-7-Vitamin-K-2-100-mcg-60-Veg-Capsules/36220
"Now Foods, Хлорелла, 1000 мг, 120 таблеток",1117.92,4.6,Now_Foods,https://ru.iherb.com/pr/Now-Foods-Chlorella-1-000-mg-120-Tablets/512
"Now Foods, Токотриенолы из красного пальмового масла, 50 мг, 60 желатиновых капсул",1304.83,4.5,Now_Foods,https://ru.iherb.com/pr/Now-Foods-Red-Palm-Tocotrienols-50-mg-60-Softgels/62008
"Now Foods, Sun-E 400, 120 мягких желатиновых капсул",1677.5,4.7,Now_Foods,https://ru.iherb.com/pr/Now-Foods-Sun-E-400-120-Softgels/46919
"Now Foods, Метилфолат, 5000 мкг, 50 капсул",1863.72,4.8,Now_Foods,https://ru.iherb.com/pr/Now-Foods-Methyl-Folate-5-000-mcg-50-Veg-Capsules/79939
"Now Foods, сертифицированная органическая спирулина, 500 мг, 200 таблеток",838.13,4.6,Now_Foods,https://ru.iherb.com/pr/Now-Foods-Certified-Organic-Spirulina-500-mg-200-Tablets/82103
"Now Foods, Пантетин, 300 мг, 60 мягких желатиновых капсул",1258.43,4.6,Now_Foods,https://ru.iherb.com/pr/Now-Foods-Pantethine-300-mg-60-Softgels/333
"Now Foods, Натуральный витамин E-400, 268 мг, 250 мягких желатиновых капсул",1863.72,4.6,Now_Foods,https://ru.iherb.com/pr/Now-Foods-E-400-268-mg-250-Softgels/517
"Now Foods, ElderMune, Immune System Support, 90 Veg Capsules",819.69,4.0,Now_Foods,https://ru.iherb.com/pr/Now-Foods-ElderMune-Immune-System-Support-90-Veg-Capsules/101179
"Now Foods, глицинат цинка, 120 капсул",698.85,4.8,Now_Foods,https://ru.iherb.com/pr/Now-Foods-Zinc-Glycinate-120-Softgels/18419
"Now Foods, Добавка с витаминами A и D, незаменимые питательные вещества, 100 мягких желатиновых капсул",343.9,4.6,Now_Foods,https://ru.iherb.com/pr/Now-Foods-A-D-100-Softgels/47365
"Now Foods, Ultra A & D-3, 25,000/1,000 IU , 100 Softgels",490.57,4.5,Now_Foods,https://ru.iherb.com/pr/Now-Foods-Ultra-A-D3-100-Softgels/10162
"Now Foods, сертифицированная органическая спирулина, 500 мг, 500 таблеток",1267.14,4.6,Now_Foods,https://ru.iherb.com/pr/Now-Foods-Certified-Organic-Spirulina-500-mg-500-Tablets/783
"Now Foods, Certified Organic, спирулина, 1,000 мг, 120 таблеток",1024.66,4.7,Now_Foods,https://ru.iherb.com/pr/Now-Foods-Certified-Organic-Spirulina-1-000-mg-120-Tablets/54653
"Solgar, Витамин D3 (холекальциферол), 15 мкг (600 МЕ), 120 растительных капсул",843.76,4.8,Solgar,https://ru.iherb.com/pr/Solgar-Vitamin-D3-Cholecalciferol-15-mcg-600-IU-120-Vegetable-Capsules/12819
"Solgar, L-лизин, в свободной форме, 1000 мг, 100 таблеток",843.76,4.6,Solgar,https://ru.iherb.com/pr/Solgar-L-Lysine-Free-Form-1-000-mg-100-Tablets/61750
"Solgar, Кальций магний плюс цинк, 250 таблеток",1251.28,4.6,Solgar,https://ru.iherb.com/pr/Solgar-Calcium-Magnesium-Plus-Zinc-250-Tablets/8693
"Solgar, Сухой витамин E с селеном без дрожжей, 100 вегетарианских капсул",1280.0,4.6,Solgar,https://ru.iherb.com/pr/Solgar-Vitamin-Dry-E-with-Yeast-Free-Selenium-100-Vegetable-Capsules/13618
"Solgar, Хелатный магний, 250 таблеток",1687.51,4.5,Solgar,https://ru.iherb.com/pr/Solgar-Chelated-Magnesium-250-Tablets/64381
"Solgar, витамин D3 (холекальциферол), 55 мкг (2200 МЕ), 100 растительных капсул",860.83,4.8,Solgar,https://ru.iherb.com/pr/Solgar-Vitamin-D3-Cholecalciferol-55-mcg-2-200-IU-100-Vegetable-Capsules/36033
"Solgar, Хелатный цинк, 250 таблеток",1280.0,4.7,Solgar,https://ru.iherb.com/pr/Solgar-Chelated-Zinc-250-Tablets/9588
"Solgar, L-цистеин, 500 мг, 90 растительных капсул",1484.14,4.2,Solgar,https://ru.iherb.com/pr/Solgar-L-Cysteine-500-mg-90-Vegetable-Capsules/14174
"Solgar, Комплекс незаменимых аминокислот, 90 растительных капсул",1617.65,4.6,Solgar,https://ru.iherb.com/pr/Solgar-Essential-Amino-Complex-90-Vegetable-Capsules/9819
"Solgar, Витамин C с шиповником, 500 мг, 250 таблеток",1280.0,4.6,Solgar,https://ru.iherb.com/pr/Solgar-Vitamin-C-with-Rose-Hips-500-mg-250-Tablets/48599
"Solgar, L-пролин/L-лизин в свободной форме, 500 мг/500 мг, 90 таблеток",1280.0,4.5,Solgar,https://ru.iherb.com/pr/Solgar-L-Proline-L-Lysine-90-Tablets/8966
"Solgar, Naturally Sourced Vitamin E, 200 IU, 100 Vegetarian Softgels",1280.0,4.6,Solgar,https://ru.iherb.com/pr/Solgar-Vitamin-E-134-mg-200-IU-100-Vegetarian-Softgels/48630
"Solgar, Витамин C с шиповником, 1000 мг, 250 таблеток",1920.38,4.6,Solgar,https://ru.iherb.com/pr/Solgar-Vitamin-C-with-Rose-Hips-1-000-mg-250-Tablets/12112
"Solgar, Жир печени трески, витамины A и D, 250 мягких желатиновых капсул",1035.48,4.7,Solgar,https://ru.iherb.com/pr/Solgar-Cod-Liver-Oil-Vitamins-A-D-250-Softgels/9732
"Solgar, Kosher Omega-3, 675 mg, 50 Softgels",1454.65,4.9,Solgar,https://ru.iherb.com/pr/Solgar-Kosher-Omega-3-675-mg-50-Softgels/101118
"Solgar, Комплекс Ultimate B + C, 90 таблеток",1425.93,4.5,Solgar,https://ru.iherb.com/pr/Solgar-Ultimate-B-C-Complex-90-Tablets/13339
"Solgar, Витамин С, 1000 мг, 250 вегетарианских капсул",2374.47,4.6,Solgar,https://ru.iherb.com/pr/Solgar-Vitamin-C-1-000-mg-250-Vegetable-Capsules/9235
"Solgar, Цитрат магния, 120 таблеток",1047.13,4.6,Solgar,https://ru.iherb.com/pr/Solgar-Magnesium-Citrate-120-Tablets/64171
"Solgar, Цинк, 50 мг, 100 таблеток",581.39,4.5,Solgar,https://ru.iherb.com/pr/Solgar-Zinc-50-mg-100-Tablets/14385
"Solgar, Магний с витамином В6, 250 таблеток",1105.35,4.6,Solgar,https://ru.iherb.com/pr/Solgar-Magnesium-with-Vitamin-B6-250-Tablets/14071
"Solgar, Цинк пиколинат, 100 таблеток",639.61,4.7,Solgar,https://ru.iherb.com/pr/Solgar-Zinc-Picolinate-100-Tablets/10035
"Solgar, Cran Flora, с пробиотиками, 60 вегетарианских капсул",1920.38,4.3,Solgar,https://ru.iherb.com/pr/Solgar-Cran-Flora-with-Probiotics-60-Vegetable-Capsules/24402
"Solgar, L-лизин, в свободной форме, 1000 мг, 250 таблеток",1734.09,4.6,Solgar,https://ru.iherb.com/pr/Solgar-L-Lysine-Free-Form-1-000-mg-250-Tablets/15111
"Solgar, Экстракт терпкой вишни, 90 растительных капсул",1803.95,4.6,Solgar,https://ru.iherb.com/pr/Solgar-Tart-Cherry-Extract-1000-mg-90-Vegetable-Capsules/24403
"Solgar, Витамин D3 (холекальциферол), 25 мкг (1000 МЕ), 250 мягких желатиновых капсул",843.76,4.7,Solgar,https://ru.iherb.com/pr/Solgar-Vitamin-D3-Cholecalciferol-25-mcg-1-000-IU-250-Softgels/9815
"Solgar, Сухой витамин А, 1500 мкг, 100 таблеток",552.67,4.4,Solgar,https://ru.iherb.com/pr/Solgar-Dry-Vitamin-A-1-500-mcg-5-000-IU-100-Tablets/8422
"Solgar, витамин D3, 25 мкг (1000 МЕ), 180 таблеток",785.54,4.7,Solgar,https://ru.iherb.com/pr/Solgar-Vitamin-D3-25-mcg-1-000-IU-180-Tablets/14689
"Solgar, Супер ГЛК, масло огуречника, здоровье женщин, 300 мг, 60 мягких желатиновых капсул",1512.86,4.4,Solgar,https://ru.iherb.com/pr/Solgar-Super-GLA-Borage-Oil-Women-s-Health-300-mg-60-Softgels/14445
"Solgar, Кальций и магний с витамином D3, 300 таблеток",1862.16,4.6,Solgar,https://ru.iherb.com/pr/Solgar-Calcium-Magnesium-with-Vitamin-D3-300-Tablets/8449
"Solgar, L-метионин, 500 мг, 90 растительных капсул",1280.0,4.5,Solgar,https://ru.iherb.com/pr/Solgar-L-Methionine-500-mg-90-Vegetable-Capsules/14546
"Solgar, Reacta-C, 500 мг, 100 растительных капсул",785.54,4.7,Solgar,https://ru.iherb.com/pr/Solgar-Glycine-500-mg-100-Vegetable-Capsules/15193
"Solgar, Ester-C Plus, 1000 мг витамина С, 90 таблеток",1163.56,4.7,Solgar,https://ru.iherb.com/pr/Solgar-Ester-C-Plus-Vitamin-C-1-000-mg-90-Tablets/64301
"Solgar, L-теанин, в свободной форме, 150 мг, 60 растительных капсул",1920.38,4.8,Solgar,https://ru.iherb.com/pr/Solgar-L-Theanine-Free-Form-150-mg-60-Vegetable-Capsules/14316
"Solgar, Цитрат магния, 60 таблеток",581.39,4.6,Solgar,https://ru.iherb.com/pr/Solgar-Magnesium-Citrate-60-Tablets/84119
"Solgar, Аспартат калия и магния, 90 растительных капсул",901.97,4.7,Solgar,https://ru.iherb.com/pr/Solgar-Potassium-Magnesium-Aspartate-90-Vegetable-Capsules/43473
"Solgar, Витамин C, 1000 мг, 100 растительных капсул",1093.7,4.6,Solgar,https://ru.iherb.com/pr/Solgar-Vitamin-C-1-000-mg-100-Vegetable-Capsules/69611
"Solgar, Витамин C с шиповником, 1500 мг, 90 таблеток",1035.48,4.7,Solgar,https://ru.iherb.com/pr/Solgar-Vitamin-C-with-Rose-Hips-1-500-mg-90-Tablets/12579
"Solgar, Витамин E, 400 МЕ, 100 мягких таблеток",1035.48,4.6,Solgar,https://ru.iherb.com/pr/Solgar-Naturally-Sourced-Vitamin-E-268-mg-400-IU-100-Softgels/9902
"Solgar, натуральный витамин Е, 200 МЕ, 100 капсул",785.54,4.7,Solgar,https://ru.iherb.com/pr/Solgar-Natural-Source-Vitamin-E-200-IU-100-Softgels/48628
"Solgar, L-Proline, 500 мг, 100 растительных капсул",1425.93,4.4,Solgar,https://ru.iherb.com/pr/Solgar-L-Proline-500-mg-100-Vegetable-Capsules/10385
"Solgar, Hy-Bio, цитрусовые биофлавоноиды, витамин С, рутин и шиповник, 250 таблеток",1920.38,4.7,Solgar,https://ru.iherb.com/pr/Solgar-Hy-Bio-Citrus-Bioflavonoids-Vitamin-C-Rutin-Rose-Hips-250-Tablets/12766
"Solgar, Витамин Е природного происхождения, 268 мг (400 МЕ), 250 мягких желатиновых капсул",2066.31,4.6,Solgar,https://ru.iherb.com/pr/Solgar-Naturally-Sourced-Vitamin-E-268-mg-400-IU-250-Softgels/69616
"Solgar, L-лизин, 500 мг, 250 растительных капсул",1734.09,4.6,Solgar,https://ru.iherb.com/pr/Solgar-L-Lysine-Free-Form-500-mg-250-Vegetable-Capsules/13014
"Solgar, L-лизин, в свободной форме, 500 мг, 100 растительных капсул",802.62,4.6,Solgar,https://ru.iherb.com/pr/Solgar-L-Lysine-Free-Form-500-mg-100-Vegetable-Capsules/11313
"Solgar, L-тирозин, 500 мг, 100 растительных капсул ",1425.93,4.6,Solgar,https://ru.iherb.com/pr/Solgar-L-Tyrosine-500-mg-100-Veggie-Caps/48604
"Solgar, HY-C, 250 таблеток",1675.87,4.8,Solgar,https://ru.iherb.com/pr/Solgar-HY-C-250-Tablets/13046
"Solgar, Витамин D3 (холекальциферол), 400 МЕ, 250 мягких желатиновых капсул",785.54,4.7,Solgar,https://ru.iherb.com/pr/Solgar-Vitamin-D3-10-mcg-400-IU-250-Softgels/8565
"Solgar, омега-кислоты Full Spectrum, жир дикого аляскинского лосося, 120 капсул",1978.6,4.7,Solgar,https://ru.iherb.com/pr/Solgar-Full-Spectrum-Omega-Wild-Alaskan-Salmon-Oil-120-Softgels/23562
"Solgar, Кальций, магний плюс бор, 250 таблеток",1193.06,4.7,Solgar,https://ru.iherb.com/pr/Solgar-Calcium-Magnesium-Plus-Boron-250-Tablets/48547
"Solgar, Полиникотинат хрома, 200 мкг, 100 растительных капсул",843.76,4.6,Solgar,https://ru.iherb.com/pr/Solgar-Chromium-Polynicotinate-200-mcg-100-Vegetable-Capsules/14575
"Solgar, Спирулина, 750 мг, 250 таблеток",2066.31,4.5,Solgar,https://ru.iherb.com/pr/Solgar-Spirulina-750-mg-250-Tablets/11877
"Solgar, океанический диоксид кремния из красных водорослей, 100 растительных капсул",901.97,4.5,Solgar,https://ru.iherb.com/pr/Solgar-Oceanic-Silica-From-Red-Algae-100-Vegetable-Capsules/13327
"Solgar, Ниацин, не вызывающий покраснений, 500 мг, 100 растительных капсул",1425.93,4.6,Solgar,https://ru.iherb.com/pr/Solgar-No-Flush-Niacin-500-mg-100-Vegetable-Capsules/69618
"Solgar, Комплекс витаминов В ""50"", 250 растительных капсул",1949.88,4.7,Solgar,https://ru.iherb.com/pr/Solgar-B-Complex-50-250-Vegetable-Capsules/15563
"Solgar, EarthSource Food Fermented, Koji Iron, 27 mg, 30 Vegetable Capsules",756.04,4.6,Solgar,https://ru.iherb.com/pr/Solgar-EarthSource-Food-Fermented-Koji-Iron-27-mg-30-Vegetable-Capsules/101121
"Solgar, Витамин B6, 25 мг, 100 таблеток",453.32,4.8,Solgar,https://ru.iherb.com/pr/Solgar-Vitamin-B6-25-mg-100-Tablets/8663
"Solgar, хелатная медь, 100 таблеток",581.39,4.5,Solgar,https://ru.iherb.com/pr/Solgar-Chelated-Copper-100-Tablets/41330
"Solgar, Витамин В6, 50 мг, 100 таблеток",552.67,4.7,Solgar,https://ru.iherb.com/pr/Solgar-Vitamin-B6-50-mg-100-Tablets/48607
"Solgar, Витамин B12, 100 мкг, 100 таблеток",464.96,4.6,Solgar,https://ru.iherb.com/pr/Solgar-Vitamin-B12-100-mcg-100-Tablets/15346
"Solgar, омега 3-6-9, 1300 мг, 120 мягких таблеток",2153.25,4.6,Solgar,https://ru.iherb.com/pr/Solgar-Omega-3-6-9-1-300-mg-120-Softgels/13149
"Solgar, Льняное масло, 1250 мг, 250 мягких желатиновых капсул",1850.52,4.4,Solgar,https://ru.iherb.com/pr/Solgar-Flaxseed-Oil-1-250-mg-250-Softgels/9033
"Solgar, фолиевая кислота, 1333 мкг фолиевого эквивалента, 250 таблеток",872.48,4.7,Solgar,https://ru.iherb.com/pr/Solgar-Folate-1-333-mcg-DFE-250-Tablets/48579
"Solgar, Пиколинат хрома, 500 мкг, 120 растительных капсул",785.54,4.6,Solgar,https://ru.iherb.com/pr/Solgar-Chromium-Picolinate-500-mcg-120-Vegetable-Capsules/8561
"Solgar, Калий, 250 таблеток",1163.56,4.6,Solgar,https://ru.iherb.com/pr/Solgar-Potassium-250-Tablets/13615
"Solgar, Хелатный магний и кальций 2:1, 90 таблеток ",930.69,4.7,Solgar,https://ru.iherb.com/pr/Solgar-Chelated-Magnesium-Calcium-2-1-90-Tablets/48590
"Solgar, Ниацин (витамин В3), 100 мг, 100 таблеток",464.96,4.4,Solgar,https://ru.iherb.com/pr/Solgar-Niacin-Vitamin-B3-100-mg-100-Tablets/48592
"Solgar, Масло первоцвета вечернего, 1300 мг, 60 капсул ",919.05,4.5,Solgar,https://ru.iherb.com/pr/Solgar-Evening-Primrose-Oil-1-300-mg-60-Softgels/48577
"Solgar, Хлорелла (с разрушенной клеточной оболочкой), 100 растительных капсул",1280.0,4.6,Solgar,https://ru.iherb.com/pr/Solgar-Chlorella-Broken-Cell-Wall-100-Vegetable-Capsules/12510
"Solgar, EarthSource Food Fermented, Koji Iron, 27 mg, 60 Vegetable Capsules",1280.0,5.0,Solgar,https://ru.iherb.com/pr/Solgar-EarthSource-Food-Fermented-Koji-Iron-27-mg-60-Vegetable-Capsules/101122
"Solgar, Хелатный марганец, 100 таблеток",569.75,4.6,Solgar,https://ru.iherb.com/pr/Solgar-Chelated-Manganese-100-Tablets/48554
"Solgar, Таурин, 500 мг, 250 растительных капсул",1617.65,4.6,Solgar,https://ru.iherb.com/pr/Solgar-Taurine-500-mg-250-Vegetable-Capsules/12182
"Solgar, L-Glutamine, 1000 мг, 60 таблеток",843.76,4.5,Solgar,https://ru.iherb.com/pr/Solgar-L-Glutamine-1000-mg-60-Tablets/23558
"Solgar, Витамин Е природного происхождения, 670 мг (1000 МЕ), 100 мягких желатиновых капсул",1920.38,4.6,Solgar,https://ru.iherb.com/pr/Solgar-Natural-Source-Vitamin-E-670-mg-1-000-IU-100-Softgels/69613
"Solgar, Цитрат кальция с витамином D3, 240 таблеток",1571.08,4.6,Solgar,https://ru.iherb.com/pr/Solgar-Calcium-Citrate-with-Vitamin-D3-240-Tablets/12146
"Solgar, Селен, без дрожжей, 200 мкг, 250 таблеток",1675.87,4.7,Solgar,https://ru.iherb.com/pr/Solgar-Selenium-Yeast-Free-200-mcg-250-Tablets/10984
"Solgar, селен, бездрожжевой, 100 мкг, 100 таблеток",511.53,4.8,Solgar,https://ru.iherb.com/pr/Solgar-Selenium-Yeast-Free-100-mcg-100-Tablets/48602
"Solgar, Натуральный витамин Е, 134 мг (200 МЕ), 100 мягких желатиновых капсул",785.54,4.7,Solgar,https://ru.iherb.com/pr/Solgar-Naturally-Sourced-Vitamin-E-134-mg-200-IU-100-Softgels/48629
"Solgar, натуральный витамин E, 268 мг (400 МЕ), 100 капсул",1035.48,4.8,Solgar,https://ru.iherb.com/pr/Solgar-Vitamin-E-Naturally-Sourced-268-mg-400-IU-100-Softgels/14052
"Solgar, Хелатный молибден, 100 таблеток",569.75,4.8,Solgar,https://ru.iherb.com/pr/Solgar-Chelated-Molybdenum-100-Tablets/14473
"Solgar, Gentle Iron, 25 мг, 90 растительных капсул",727.32,4.7,Solgar,https://ru.iherb.com/pr/Solgar-Gentle-Iron-25-mg-90-Vegetable-Capsules/69609
"Solgar, Цитрат кальция и магния, 250 таблеток",1687.51,4.6,Solgar,https://ru.iherb.com/pr/Solgar-Calcium-Magnesium-Citrate-250-Tablets/9247
"Solgar, фолиевая кислота, 800 мкг, 100 таблеток",1035.48,4.7,Solgar,https://ru.iherb.com/pr/Solgar-Folate-800-mcg-100-Tablets/13961
"Solgar, Натуральный витамин Е, 67 мг (100 МЕ), 100 мягких таблеток",511.53,4.7,Solgar,https://ru.iherb.com/pr/Solgar-Naturally-Sourced-Vitamin-E-67-mg-100-IU-100-Softgels/48611
"Solgar, Масло первоцвета вечернего, 500 мг, 180 мягких таблеток",1076.62,4.5,Solgar,https://ru.iherb.com/pr/Solgar-Evening-Primrose-Oil-500-mg-180-Softgels/13166
"Solgar, натуральный витамин K2, 100 мкг, 50 растительных капсул",1221.78,4.8,Solgar,https://ru.iherb.com/pr/Solgar-Naturally-Sourced-Vitamin-K2-100-mcg-50-Vegetable-Capsules/15190
"Solgar, Gentle Iron, 25 мг, 180 растительных капсул",1251.28,4.7,Solgar,https://ru.iherb.com/pr/Solgar-Gentle-Iron-25-mg-180-Vegetable-Capsules/10625
"Solgar, NAC, 600 мг, 120 растительных капсул",2316.26,4.3,Solgar,https://ru.iherb.com/pr/Solgar-NAC-600-mg-120-Vegetable-Capsules/10530
"Source Naturals, Мангустан, 187,5 мг, 60 таблеток",782.44,4.1,Source_Naturals,https://ru.iherb.com/pr/Source-Naturals-Mangosteen-60-Tablets/6784
"Source Naturals, Acetyl L-Carnitine & Alpha-Lipoic Acid, 650 mg, 60 Tablets",1545.46,4.4,Source_Naturals,https://ru.iherb.com/pr/Source-Naturals-Acetyl-L-Carnitine-Alpha-Lipoic-Acid-650-mg-60-Tablets/1013
"Source Naturals, Ацетил-L-карнитин, 500 мг, 60 таблеток",946.22,4.5,Source_Naturals,https://ru.iherb.com/pr/Source-Naturals-Acetyl-L-Carnitine-500-mg-60-Tablets/1462
"Source Naturals, экстракт плодов вишни, 500 мг, 90 таблеток",715.68,4.3,Source_Naturals,https://ru.iherb.com/pr/Source-Naturals-Cherry-Fruit-Extract-500-mg-90-Tablets/1098
"Source Naturals, Хлорелла 200 таблеток",1105.35,4.6,Source_Naturals,https://ru.iherb.com/pr/Source-Naturals-Chlorella-500-mg-200-Tablets/1074
"Source Naturals, Спирулина, 500 мг, 500 таблеток",1980.93,4.4,Source_Naturals,https://ru.iherb.com/pr/Source-Naturals-Spirulina-500-mg-500-Tablets/1374
"Source Naturals, Ацетил L-карнитин и альфа-липоевая кислота, 650 мг, 120 таблеток",2995.45,4.4,Source_Naturals,https://ru.iherb.com/pr/Source-Naturals-Acetyl-L-Carnitine-Alpha-Lipoic-Acid-650-mg-120-Tablets/12572
"Source Naturals, Масло энотеры, 1350 мг, 120 мягких желатиновых капсул",920.6,4.6,Source_Naturals,https://ru.iherb.com/pr/Source-Naturals-Evening-Primrose-Oil-1-350-mg-120-Softgels/1177
"Source Naturals, Спирулина, 500 мг, 200 таблеток",853.85,4.4,Source_Naturals,https://ru.iherb.com/pr/Source-Naturals-Spirulina-500-mg-200-Tablets/1375
"Source Naturals, Vegan Omega-3s EPA-DHA, 300 мг, 30 мягких таблеток",967.18,4.7,Source_Naturals,https://ru.iherb.com/pr/Source-Naturals-Vegan-Omega-3s-Non-Fish-EPA-DHA-300-mg-30-Vegan-Softgels/46881
"Source Naturals, Масло черного тмина, 120 мягких таблеток",669.11,4.6,Source_Naturals,https://ru.iherb.com/pr/Source-Naturals-Black-Seed-Oil-120-Softgels/75398
"Source Naturals, Масло льна и примулы, 1300 мг, 180 мягких капсул",2144.71,4.7,Source_Naturals,https://ru.iherb.com/pr/Source-Naturals-Flax-Seed-Primrose-Oil-1-300-mg-180-Softgels/1173
"Source Naturals, ArcticPure, крилевый жир, 500 мг, 120 мягких желатиновых капсул",2303.84,4.2,Source_Naturals,https://ru.iherb.com/pr/Source-Naturals-ArcticPure-Krill-Oil-500-mg-120-Softgels/23274
"Source Naturals, ArcticPure, крилевый жир, 500 мг, 60 желатиновых капсул",1255.93,4.2,Source_Naturals,https://ru.iherb.com/pr/Source-Naturals-ArcticPure-Krill-Oil-500-mg-60-Softgels/11576
"Source Naturals, NKO, крилевый жир Neptune, 500 мг, 60 мягких желатиновых капсул",1648.7,4.4,Source_Naturals,https://ru.iherb.com/pr/Source-Naturals-NKO-Neptune-Krill-Oil-500-mg-60-Softgels/20838
"Source Naturals, Arctic Pure, омега-3 рыбий жир, повышенная эффективность, 850 мг, 120 мягких таблеток",1842.76,4.4,Source_Naturals,https://ru.iherb.com/pr/Source-Naturals-Arctic-Pure-Ultra-Potency-Omega-3-Fish-Oil-850-mg-120-Softgels/14039
"Source Naturals, Перилловое масло, 1000 мг, 90 гелевых капсул",1151.14,4.2,Source_Naturals,https://ru.iherb.com/pr/Source-Naturals-Perilla-Oil-1000-mg-90-Softgels/4559
"Source Naturals, NKO, Neptune Krill Oil, 500 мг, 120 капсул",3100.24,4.4,Source_Naturals,https://ru.iherb.com/pr/Source-Naturals-NKO-Neptune-Krill-Oil-500-mg-120-Softgels/58096
"Source Naturals, Рыбий жир OmegaEPA, 1000 мг, 200 капсул",957.09,4.8,Source_Naturals,https://ru.iherb.com/pr/Source-Naturals-OmegaEPA-Fish-Oil-1-000-mg-200-Softgels/16005
"Source Naturals, Арктическая чистота, Масло морского криля, 1,000 мг, 30 капсул",920.6,4.7,Source_Naturals,https://ru.iherb.com/pr/Source-Naturals-ArcticPure-Krill-Oil-1-000-mg-30-Softgels/64683
"Source Naturals, Арктический чистый рыбий жир с Омега-3 1125, покрытый кишечнорастворимой оболочкой, 1,125 мг, 60 гелевых капсул",1683.63,4.5,Source_Naturals,https://ru.iherb.com/pr/Source-Naturals-Arctic-Pure-Omega-3-1125-Enteric-Coated-Fish-Oil-1-125-mg-60-Softgels/48990
"Source Naturals, Yaeyama Chlorella, 200 мг, 600 таблеток",1335.88,4.5,Source_Naturals,https://ru.iherb.com/pr/Source-Naturals-Yaeyama-Chlorella-200-mg-600-Tablets/1058
"Source Naturals, Omega 3-6-9, 30 Softgels",459.53,4.2,Source_Naturals,https://ru.iherb.com/pr/Source-Naturals-Omega-3-6-9-30-Softgels/20850
"Source Naturals, Omega 3-6-9, 120 Softgels",1187.62,4.2,Source_Naturals,https://ru.iherb.com/pr/Source-Naturals-Omega-3-6-9-120-Softgels/20851
"Source Naturals, Сине-зеленые водоросли, 200 таблеток",3297.41,4.6,Source_Naturals,https://ru.iherb.com/pr/Source-Naturals-Blue-Green-Algae-500-mg-200-Tablets/976
"Source Naturals, Экстракт ростков брокколи, 250 мг, 60 таблеток",874.81,4.4,Source_Naturals,https://ru.iherb.com/pr/Source-Naturals-Broccoli-Sprouts-Extract-250-mg-60-Tablets/2456
"Source Naturals, Mega-GLA 300, 120 мягких таблеток",2743.96,4.6,Source_Naturals,https://ru.iherb.com/pr/Source-Naturals-Mega-GLA-300-120-Softgels/21270
"Source Naturals, Мега-GLA 300, 60 мягких капсул",1407.3,4.6,Source_Naturals,https://ru.iherb.com/pr/Source-Naturals-Mega-GLA-300-60-Softgels/1273
"Source Naturals, Хлорелла с островов Яэяма, 200 мг, 300 таблеток",807.27,4.5,Source_Naturals,https://ru.iherb.com/pr/Source-Naturals-Yaeyama-Chlorella-200-mg-300-Tablets/7749
"Source Naturals, Экстракт ягод асаи, 500 мг, 120 капсул",899.65,4.2,Source_Naturals,https://ru.iherb.com/pr/Source-Naturals-Acai-Extract-500-mg-120-Capsules/11604
"Source Naturals, Provinal Омега-7, 30 капсул",1151.14,4.6,Source_Naturals,https://ru.iherb.com/pr/Source-Naturals-Provinal-Omega-7-30-Softgels/55415
"Source Naturals, Ультра пиколинат хрома 500, 500 мкг, 120 таблеток",946.22,4.6,Source_Naturals,https://ru.iherb.com/pr/Source-Naturals-Ultra-Chromium-Picolinate-500-500-mcg-120-Tablets/1412
"Source Naturals, N-A-G, 500 мг, 120 таблетки",1658.79,4.6,Source_Naturals,https://ru.iherb.com/pr/Source-Naturals-N-A-G-500-mg-120-Tablets/1295
"Source Naturals, Парааминобензойная кислота (ПАБК), 100 мг, 250 таблеток",644.27,4.2,Source_Naturals,https://ru.iherb.com/pr/Source-Naturals-PABA-100-mg-250-Tablets/1349
"Source Naturals, Преимущества Витамина K2, 2,200 мкг, 60 таблеток",1428.25,4.4,Source_Naturals,https://ru.iherb.com/pr/Source-Naturals-Vitamin-K2-Advantage-2-200-mcg-60-Tablets/72156
"Source Naturals, Витамин К, 500 мкг, 200 таблеток",588.38,4.5,Source_Naturals,https://ru.iherb.com/pr/Source-Naturals-Vitamin-K-500-mcg-200-Tablets/1308
"Source Naturals, Gamma E 400 Complex with Tocotrienols, 400 mg, 60 Softgels",1750.39,4.6,Source_Naturals,https://ru.iherb.com/pr/Source-Naturals-Gamma-E-400-Complex-with-Tocotrienols-400-mg-60-Softgels/1221
"Source Naturals, Витамин А 10 000 МЕ, 100 таблеток",287.98,4.5,Source_Naturals,https://ru.iherb.com/pr/Source-Naturals-Vitamin-A-10-000-IU-100-Tablets/1017
"Source Naturals, Active A, 25,000 IU, 120 Таблеток",506.1,4.7,Source_Naturals,https://ru.iherb.com/pr/Source-Naturals-Active-A-25-000-IU-120-Tablets/1024
"Source Naturals, OptiZinc, 240 таблеток",1268.35,4.7,Source_Naturals,https://ru.iherb.com/pr/Source-Naturals-OptiZinc-240-Tablets/1361
"Source Naturals, Цинк, 50 мг, 250 таблеток",911.29,4.4,Source_Naturals,https://ru.iherb.com/pr/Source-Naturals-Zinc-50-mg-250-Tablets/1475
"Source Naturals, Успокоение желудочно-кишечного тракта, 37,5 мг, 30 капсул",576.74,4.5,Source_Naturals,https://ru.iherb.com/pr/Source-Naturals-GastricSoothe-37-5-mg-30-Capsules/22884
"Source Naturals, GastricSoothe, 37,5 мг, 120 капсул",2098.91,4.5,Source_Naturals,https://ru.iherb.com/pr/Source-Naturals-GastricSoothe-37-5-mg-120-Capsules/22885
"Source Naturals, Малат магния, 3750 мг, 180 таблеток",899.65,4.7,Source_Naturals,https://ru.iherb.com/pr/Source-Naturals-Magnesium-Malate-3-750-mg-180-Tablets/1444
"Source Naturals, Malic Acid, 2,500 mg , 120 Tablets",597.69,4.1,Source_Naturals,https://ru.iherb.com/pr/Source-Naturals-Malic-Acid-2-500-mg-120-Tablets/75399
"Source Naturals, цитрат магния, 133 мг, 180 капсул",946.22,4.3,Source_Naturals,https://ru.iherb.com/pr/Source-Naturals-Magnesium-Citrate-133-mg-180-Capsules/19146
"Source Naturals, Магния аскорбат, 1000 мг, 120 таблеток",1084.39,4.6,Source_Naturals,https://ru.iherb.com/pr/Source-Naturals-Magnesium-Ascorbate-1000-mg-120-Tablets/38660
"Source Naturals, Магний хелат, 100 мг, 250 таблеток",992.02,4.7,Source_Naturals,https://ru.iherb.com/pr/Source-Naturals-Magnesium-Chelate-100-mg-250-Tablets/1269
"Source Naturals, Яблочнокислый магний, 3750 мг, 200 капсул",853.85,4.5,Source_Naturals,https://ru.iherb.com/pr/Source-Naturals-Magnesium-Malate-3-750-mg-200-Capsules/1268
"Source Naturals, малат магния, 3750 мг, 360 таблеток",1612.22,4.7,Source_Naturals,https://ru.iherb.com/pr/Source-Naturals-Magnesium-Malate-3-750-mg-360-Tablets/19154
"Source Naturals, Ultra-Mag, 120 таблеток",702.48,4.8,Source_Naturals,https://ru.iherb.com/pr/Source-Naturals-Ultra-Mag-120-Tablets/1415
"Source Naturals, Селениум, 200 мкг, 120 таблеток",644.27,4.6,Source_Naturals,https://ru.iherb.com/pr/Source-Naturals-Selenium-200-mcg-120-Tablets/1395
"Source Naturals, Селен, 100 мкг, 250 таблеток",828.23,4.7,Source_Naturals,https://ru.iherb.com/pr/Source-Naturals-Selenium-100-mcg-250-Tablets/1379
"Source Naturals, селен из L-селенометионина, 200 мкг, 120 таблеток",644.27,4.8,Source_Naturals,https://ru.iherb.com/pr/Source-Naturals-Selenium-From-L-Selenomethionine-200-mcg-120-Tablets/1408
"Source Naturals, кальций, 250 таблеток",1037.81,4.7,Source_Naturals,https://ru.iherb.com/pr/Source-Naturals-Calcium-250-Tablets/1083
"Source Naturals, Magtein, магний L-треонат, 667 мг, 180 капсул",2639.17,4.5,Source_Naturals,https://ru.iherb.com/pr/Source-Naturals-Magtein-Magnesium-L-Threonate-667-mg-180-Capsules/47434
"Source Naturals, Никотинамид B-3, 100 мг, 250 таблеток",669.11,4.6,Source_Naturals,https://ru.iherb.com/pr/Source-Naturals-Niacinamide-B-3-100-mg-250-Tablets/1350
"Source Naturals, Пантотеновая кислота, 100 мг, 250 таблеток",899.65,4.5,Source_Naturals,https://ru.iherb.com/pr/Source-Naturals-Pantothenic-Acid-100-mg-250-Tablets/1357
"Source Naturals, Коферментная форма витамина B6, 25 мг, 120 таблеток",899.65,4.4,Source_Naturals,https://ru.iherb.com/pr/Source-Naturals-Coenzymated-B-6-25-mg-120-Lozenges/1038
"Source Naturals, Витамин D-3, 5,000 МЕ, 120 капсул",496.01,4.7,Source_Naturals,https://ru.iherb.com/pr/Source-Naturals-Vitamin-D-3-5-000-IU-120-Capsules/22869
"Source Naturals, Витамин D3, 2000 МЕ, 200 мягких таблеток",669.11,4.7,Source_Naturals,https://ru.iherb.com/pr/Source-Naturals-Vitamin-D-3-2-000-IU-200-Capsules/16666
"Source Naturals, Витамин D3, 1000 МЕ, 200 таблеток",597.69,4.6,Source_Naturals,https://ru.iherb.com/pr/Source-Naturals-Vitamin-D-3-1-000-IU-200-Tablets/1216
"Source Naturals, Витамин D-3, 5000 МЕ, 240 капсул",899.65,4.7,Source_Naturals,https://ru.iherb.com/pr/Source-Naturals-Vitamin-D-3-5-000-IU-240-Capsules/22870
"Source Naturals, Витамин D-3, 2000 международных единиц, 200 мягких капсул",644.27,4.8,Source_Naturals,https://ru.iherb.com/pr/Source-Naturals-Vitamin-D-3-2-000-IU-200-Softgels/17830
"Source Naturals, витамин K2 и D3, 60 таблеток",853.85,4.7,Source_Naturals,https://ru.iherb.com/pr/Source-Naturals-Vitamin-K2-D3-60-Tablets/5455
"Source Naturals, Витамин D-3, 400 МЕ, 200 таблеток",576.74,4.6,Source_Naturals,https://ru.iherb.com/pr/Source-Naturals-Vitamin-D-3-400-IU-200-Tablets/1212
"Source Naturals, Витамин С без ГМО, 1,000 мг, 240 таблеток",1474.05,4.1,Source_Naturals,https://ru.iherb.com/pr/Source-Naturals-Non-GMO-Vitamin-C-1-000-mg-240-Tablets/64690
"Source Naturals, C-1000, 100 таблеток",736.64,4.5,Source_Naturals,https://ru.iherb.com/pr/Source-Naturals-C-1000-100-Tablets/1086
"Source Naturals, Аскорбил пальмитат, 500 мг, 90 таблеток",874.81,4.6,Source_Naturals,https://ru.iherb.com/pr/Source-Naturals-Ascorbyl-Palmitate-500-mg-90-Tablets/986
"Source Naturals, Метаболический витамин C, 500 мг, 180 капул",1176.76,4.8,Source_Naturals,https://ru.iherb.com/pr/Source-Naturals-Metabolic-C-500-mg-180-Capsules/19180
"Source Naturals, Ultimate Ascorbate C, 1000 мг, 100 таблеток",946.22,4.6,Source_Naturals,https://ru.iherb.com/pr/Source-Naturals-Ultimate-Ascorbate-C-1-000-mg-100-Tablets/1431
"Source Naturals, Elan Vital Multiple, 90 таблеток",1750.39,4.6,Source_Naturals,https://ru.iherb.com/pr/Source-Naturals-Elan-Vital-Multiple-90-Tablets/1453
"Source Naturals, Life Force Multiple, без железа, 180 капсул",2144.71,4.5,Source_Naturals,https://ru.iherb.com/pr/Source-Naturals-Life-Force-Multiple-No-Iron-180-Capsules/19141
"Source Naturals, Life Force Multiple, 180 капсул",2144.71,4.4,Source_Naturals,https://ru.iherb.com/pr/Source-Naturals-Life-Force-Multiple-180-Capsules/20835
"Source Naturals, Мультивитамины Life Force, без железа, 120 капсул",1453.09,4.5,Source_Naturals,https://ru.iherb.com/pr/Source-Naturals-Life-Force-Multiple-No-Iron-120-Capsules/1253
"Source Naturals, Life Force Multiple, 120 таблеток",2282.88,4.4,Source_Naturals,https://ru.iherb.com/pr/Source-Naturals-Life-Force-Multiple-120-Tablets/1254
"Source Naturals, Мультивитамин  Life Force, не содержит железо, 60 таблеток",1176.76,4.5,Source_Naturals,https://ru.iherb.com/pr/Source-Naturals-Life-Force-Multiple-No-Iron-60-Tablets/19140
"Source Naturals, Комплекс B-50, 50 мг, 100 таблеток",761.48,4.4,Source_Naturals,https://ru.iherb.com/pr/Source-Naturals-B-50-Complex-50-mg-100-Tablets/973
"Source Naturals, Inositol &amp; Choline, 800 мг, 100 таблеток",761.48,4.4,Source_Naturals,https://ru.iherb.com/pr/Source-Naturals-Inositol-Choline-800-mg-100-Tablets/1335
"Source Naturals, B-6, 500 мг, 100 таблеток",828.23,4.5,Source_Naturals,https://ru.iherb.com/pr/Source-Naturals-B-6-500-mg-100-Tablets/1006
"Source Naturals, Ниацин, не вызывает приливов крови, 500 мг, 60 таблеток",623.31,4.6,Source_Naturals,https://ru.iherb.com/pr/Source-Naturals-No-Flush-Niacin-500-mg-60-Tablets/1455
"Source Naturals, CCM кальций, 300 мг, 120 таблеток",597.69,4.6,Source_Naturals,https://ru.iherb.com/pr/Source-Naturals-CCM-Calcium-300-mg-120-Tablets/1096
"Source Naturals, Ацетил L-карнитин,  500 мг, 120 таблеток",1776.0,4.5,Source_Naturals,https://ru.iherb.com/pr/Source-Naturals-Acetyl-L-Carnitine-500-mg-120-Tablets/19182
"Source Naturals, Коралловый кальций, 600 мг, 120 таблеток",1197.72,4.4,Source_Naturals,https://ru.iherb.com/pr/Source-Naturals-Coral-Calcium-600-mg-120-Tablets/1154
"Source Naturals, кальций и магний, 300 мг, 250 таблеток",1243.51,4.5,Source_Naturals,https://ru.iherb.com/pr/Source-Naturals-Calcium-Magnesium-300-mg-250-Tablets/1149
"Source Naturals, GABA Calm Mind, 750 mg, 180 Tablets",1381.68,4.3,Source_Naturals,https://ru.iherb.com/pr/Source-Naturals-GABA-Calm-Mind-750-mg-180-Tablets/1191
"Source Naturals, L-пролин и L-лизин, 550 мг, 120 таблеток",1012.97,4.5,Source_Naturals,https://ru.iherb.com/pr/Source-Naturals-L-Proline-L-Lysine-550-mg-120-Tablets/1387
"Source Naturals, Amino Athlete, 1000 мг, 100 таблеток",1222.56,4.5,Source_Naturals,https://ru.iherb.com/pr/Source-Naturals-Athletic-Series-Amino-Athlete-1-000-mg-100-Tablets/997
"Source Naturals, Супер Амино Ночь, 120 капсул",1084.39,4.3,Source_Naturals,https://ru.iherb.com/pr/Source-Naturals-Super-Amino-Night-120-Capsules/1432
"Source Naturals, Amino Day, 1 000 мг, 120 таблеток",1498.89,4.7,Source_Naturals,https://ru.iherb.com/pr/Source-Naturals-Amino-Day-1-000-mg-120-Tablets/1030
"Source Naturals, Super Amino Night, 240 таблеток",2073.3,4.3,Source_Naturals,https://ru.iherb.com/pr/Source-Naturals-Super-Amino-Night-240-Tablets/1425
"Source Naturals, L-лизин, 1000 мг, 200 таблеток",1130.18,4.5,Source_Naturals,https://ru.iherb.com/pr/Source-Naturals-L-Lysine-1-000-mg-200-Tablets/65089
"Source Naturals, L- Лизин, 500 мг, 200 капсул",853.85,4.6,Source_Naturals,https://ru.iherb.com/pr/Source-Naturals-L-Lysine-500-mg-200-Capsules/1246
"Source Naturals, L-лизин, 500 мг, 250 таблеток",1012.97,4.6,Source_Naturals,https://ru.iherb.com/pr/Source-Naturals-L-Lysine-500-mg-250-Tablets/1250
"Source Naturals, L-карнитин, 250 мг, 120 капсул",1084.39,4.5,Source_Naturals,https://ru.iherb.com/pr/Source-Naturals-L-Carnitine-250-mg-120-Capsules/7934
"Source Naturals, Serene Science, Theanine Serene, 60 Tablets",794.85,4.3,Source_Naturals,https://ru.iherb.com/pr/Source-Naturals-Serene-Science-Theanine-Serene-60-Tablets/1410
"Source Naturals, GABA Calm Mind, 750 mg, 180 Capsules",1381.68,4.6,Source_Naturals,https://ru.iherb.com/pr/Source-Naturals-GABA-Calm-Mind-750-mg-180-Capsules/20837
"Source Naturals, Serene Science, L-Theanine, 200 mg, 60 Capsules",1566.42,4.4,Source_Naturals,https://ru.iherb.com/pr/Source-Naturals-Serene-Science-L-Theanine-200-mg-60-Capsules/1505
"Source Naturals, Глицин, 500 мг, 200 капсул",807.27,4.7,Source_Naturals,https://ru.iherb.com/pr/Source-Naturals-Glycine-500-mg-200-Capsules/1235
"Source Naturals, L-карнозин, 500 мг, 60 таблеток",1796.96,4.5,Source_Naturals,https://ru.iherb.com/pr/Source-Naturals-L-Carnosine-500-mg-60-Tablets/1094
"Source Naturals, L-лейцин, 500 мг, 240 капсул",1704.59,4.1,Source_Naturals,https://ru.iherb.com/pr/Source-Naturals-L-Leucine-500-mg-240-Capsules/19155
"Source Naturals, L-тирозин, 500 мг, 100 таблеток",623.31,4.5,Source_Naturals,https://ru.iherb.com/pr/Source-Naturals-L-Tyrosine-500-mg-100-Tablets/1501
"Source Naturals, DLPA, 375 мг, 120 таблеток",899.65,4.2,Source_Naturals,https://ru.iherb.com/pr/Source-Naturals-DLPA-375-mg-120-Tablets/1215
"Source Naturals, L-фенилаланин, 500 мг, 100 таблеток",597.69,4.2,Source_Naturals,https://ru.iherb.com/pr/Source-Naturals-L-Phenylalanine-500-mg-100-Tablets/1359
"Source Naturals, DLPA (DL-фенилаланин), 750 мг, 60 таблеток",853.85,4.2,Source_Naturals,https://ru.iherb.com/pr/Source-Naturals-DLPA-750-mg-60-Tablets/1459
"Source Naturals, L-цитруллин, 500 мг, 120 капсул",1381.68,4.7,Source_Naturals,https://ru.iherb.com/pr/Source-Naturals-L-Citrulline-500-mg-120-Capsules/6861
"Source Naturals, L-цитруллин, 1000 мг, 60 таблеток",1268.35,4.3,Source_Naturals,https://ru.iherb.com/pr/Source-Naturals-L-Citrulline-1-000-mg-60-Tablets/7931
"Source Naturals, L-Citrulline, Free-Form, 1,000 mg, 120 Tablets",2442.01,4.7,Source_Naturals,https://ru.iherb.com/pr/Source-Naturals-L-Citrulline-Free-Form-1-000-mg-120-Tablets/22644
"Source Naturals, N-ацетил L-тирозин, 300 мг, 120 таблеток",1428.25,4.2,Source_Naturals,https://ru.iherb.com/pr/Source-Naturals-N-Acetyl-L-Tyrosine-300-mg-120-Tablets/1297
"Source Naturals, L-теанин, 200 мг, 60 таблеток",1519.85,4.4,Source_Naturals,https://ru.iherb.com/pr/Source-Naturals-L-Theanine-200-mg-60-Tablets/1430
"Source Naturals, таурин, 1000 мг, 120 капсул",669.11,4.7,Source_Naturals,https://ru.iherb.com/pr/Source-Naturals-Taurine-1000-1-000-mg-120-Capsules/19241
"Source Naturals, Таурин, 500 мг, 120 таблеток",564.32,4.7,Source_Naturals,https://ru.iherb.com/pr/Source-Naturals-Taurine-500-mg-120-Tablets/1411
"Source Naturals, Таурин, 1000 мг, 240 капсул",1268.35,4.7,Source_Naturals,https://ru.iherb.com/pr/Source-Naturals-Taurine-1-000-mg-240-Capsules/19138
"Source Naturals, Коралловый кальций, 600 мг, 120 капсул",1197.72,4.8,Source_Naturals,https://ru.iherb.com/pr/Source-Naturals-Coral-Calcium-600-mg-120-Capsules/1156
"Source Naturals, Гидроксиапатит кальция, 120 капсул",807.27,4.9,Source_Naturals,https://ru.iherb.com/pr/Source-Naturals-Calcium-Hydroxyapatite-120-Capsules/55874
"Source Naturals, Advanced Ferrochel, 180 таблеток",715.68,4.4,Source_Naturals,https://ru.iherb.com/pr/Source-Naturals-Advanced-Ferrochel-180-Tablets/1021
"Source Naturals, Vegan True, Iron Support (препарат для поддержания уровня железа, подходит для веганов), 180 таблеток",644.27,4.2,Source_Naturals,https://ru.iherb.com/pr/Source-Naturals-Vegan-True-Iron-Support-180-Tablets/64697
"Source Naturals, Железо, 25 мг, 250 таблеток",702.48,4.6,Source_Naturals,https://ru.iherb.com/pr/Source-Naturals-Iron-25-mg-250-Tablets/1324
"Source Naturals, Калий, 99 мг, 250 таблеток",874.81,4.7,Source_Naturals,https://ru.iherb.com/pr/Source-Naturals-Potassium-99-mg-250-Tablets/1331
"Source Naturals, Йодид калия, 32.5 мг, 120 таблеток",1105.35,4.7,Source_Naturals,https://ru.iherb.com/pr/Source-Naturals-Potassium-Iodide-32-5-mg-120-Tablets/1356
"Source Naturals, Ванадий с хромом, 90 таблеток",471.95,4.5,Source_Naturals,https://ru.iherb.com/pr/Source-Naturals-Vanadium-with-Chromium-90-Tablets/1473
"Source Naturals, Пиколинат хрома, 200 мкг, 240 таблеток",920.6,4.7,Source_Naturals,https://ru.iherb.com/pr/Source-Naturals-Chromium-Picolinate-200-mcg-240-Tablets/1070
"Source Naturals, Pomegranate Extract, 500 mg, 240 Tablets",1792.3,4.5,Source_Naturals,https://ru.iherb.com/pr/Source-Naturals-Pomegranate-Extract-500-mg-240-Tablets/19121
"Source Naturals, Взаимодействующий с хромом Аминокислотный хелат хрома, 200 мкг, 240 таблеток",853.85,4.3,Source_Naturals,https://ru.iherb.com/pr/Source-Naturals-Chromemate-Chromium-GTF-200-mcg-240-Tablets/1042
"Source Naturals, Хром, 200 мкг, 250 таблеток",644.27,4.3,Source_Naturals,https://ru.iherb.com/pr/Source-Naturals-Chromium-200-mcg-250-Tablets/1069
"Source Naturals, «Микроэлементы жизни» без железа, 120 таблеток",992.02,4.3,Source_Naturals,https://ru.iherb.com/pr/Source-Naturals-Life-Minerals-No-Iron-120-Tablets/1258
"Source Naturals, Triple Boron, 3 мг, 200 капсул",669.11,4.4,Source_Naturals,https://ru.iherb.com/pr/Source-Naturals-Triple-Boron-3-mg-200-Capsules/7273
"Source Naturals, Ванадила сульфат, 10 мг, 100 таблеток",576.74,4.5,Source_Naturals,https://ru.iherb.com/pr/Source-Naturals-Vanadyl-Sulfate-10-mg-100-Tablets/1477
"Source Naturals, Марганец, 10 мг, 250 таблеток",690.06,4.6,Source_Naturals,https://ru.iherb.com/pr/Source-Naturals-Manganese-10-mg-250-Tablets/1278
"Source Naturals, Медный себацинат, 22 мг, 120 таблеток",506.1,4.6,Source_Naturals,https://ru.iherb.com/pr/Source-Naturals-Copper-Sebacate-22-mg-120-Tablets/1155
"Source Naturals, N-ацетилцистеин, 600 мг, 120 таблеток",1130.18,4.6,Source_Naturals,https://ru.iherb.com/pr/Source-Naturals-N-Acetyl-Cysteine-600-mg-120-Tablets/1291
"Source Naturals, N-ацетилцистеин, 1000 мг, 120 таблеток",1453.09,4.4,Source_Naturals,https://ru.iherb.com/pr/Source-Naturals-N-Acetyl-Cysteine-1-000-mg-120-Tablets/1328
"Source Naturals, Комплекс L-аргинина и L-цитруллина, 1000 мг, 240 таблеток",1786.87,4.3,Source_Naturals,https://ru.iherb.com/pr/Source-Naturals-L-Arginine-L-Citrulline-Complex-1-000-mg-240-Tablets/19144
"Source Naturals, Комплекс L-аргинина и L-цитруллина, 1000 мг, 120 таблеток",1058.77,4.3,Source_Naturals,https://ru.iherb.com/pr/Source-Naturals-L-Arginine-L-Citrulline-Complex-1-000-mg-120-Tablets/8103
"Source Naturals, L-аргинин, в свободной форме, 500 мг, 100 капсул",623.31,4.5,Source_Naturals,https://ru.iherb.com/pr/Source-Naturals-L-Arginine-Free-Form-500-mg-100-Capsules/996
"Source Naturals, L-аргинин, Свободная форма, 1000 мг, 100 таблеток",874.81,4.3,Source_Naturals,https://ru.iherb.com/pr/Source-Naturals-L-Arginine-Free-Form-1000-mg-100-Tablets/2499
"Source Naturals, L-глутамин, 500 мг, 100 таблеток",644.27,4.4,Source_Naturals,https://ru.iherb.com/pr/Source-Naturals-L-Glutamine-500-mg-100-Tablets/1241
"Source Naturals, L-глутамин, 500 мг, 100 капсул",644.27,4.7,Source_Naturals,https://ru.iherb.com/pr/Source-Naturals-L-Glutamine-500-mg-100-Capsules/1238
"Source Naturals, Кальция D-глюкарат, 500 мг, 120 таблеток",2375.25,4.6,Source_Naturals,https://ru.iherb.com/pr/Source-Naturals-Calcium-D-Glucarate-500-mg-120-Tablets/1090
"Source Naturals, Гранатовый экстракт, 60 таблеток",530.94,4.5,Source_Naturals,https://ru.iherb.com/pr/Source-Naturals-Pomegranate-Extract-500-mg-60-Tablets/19208
